features,type,accuracy,freqs
2377,HER2+,1.0,1
2061,HER2+,1.0,1
2061,HR+,0.4,1
2061,TN,0.75,1
2812,HER2+,1.0,1
2812,HR+,0.5625,1
2812,TN,0.6666666666666666,1
242,HER2+,0.7777777777777778,1
242,HR+,0.5833333333333334,1
242,TN,0.5384615384615384,1
2724,HER2+,0.7777777777777778,1
2724,HR+,0.5833333333333334,1
2724,TN,0.5384615384615384,1
2098,HER2+,0.9166666666666666,1
2098,HR+,0.5,1
2098,TN,0.8571428571428571,1
1484,HER2+,1.0,1
1484,HR+,0.8333333333333334,1
1484,TN,0.7,1
1483,HER2+,1.0,1
1483,HR+,0.8333333333333334,1
1483,TN,0.7,1
2719,HR+,0.7142857142857143,1
515,TN,0.75,1
515,HR+,0.4,1
515,HER2+,1.0,1
832,TN,0.46153846153846156,1
823,HER2+,0.875,1
823,HR+,0.8333333333333334,1
823,TN,0.46153846153846156,1
824,HER2+,0.875,1
824,HR+,0.8333333333333334,1
824,TN,0.46153846153846156,1
807,TN,0.6153846153846154,1
807,HR+,0.7,1
807,HER2+,1.0,1
1482,HER2+,1.0,1
858,HER2+,0.875,1
858,TN,0.46153846153846156,1
856,HER2+,0.875,1
856,HR+,0.8333333333333334,1
856,TN,0.46153846153846156,1
857,HER2+,0.875,1
857,HR+,0.8333333333333334,1
857,TN,0.46153846153846156,1
2062,HER2+,1.0,1
2062,HR+,0.4,1
2062,TN,0.75,1
858,HR+,0.8333333333333334,1
1482,HR+,0.8333333333333334,1
1482,TN,0.7,1
225,HER2+,1.0,1
2409,HER2+,0.9166666666666666,1
2409,HR+,0.7142857142857143,1
2409,TN,0.6,1
2414,HER2+,0.9166666666666666,1
2414,HR+,0.7142857142857143,1
2414,TN,0.6,1
71,HER2+,0.75,1
71,HR+,0.4,1
71,TN,0.5714285714285714,1
72,HER2+,0.75,1
2005,TN,0.7,1
72,HR+,0.4,1
507,HER2+,0.75,1
507,HR+,0.4,1
507,TN,0.5714285714285714,1
158,HER2+,0.75,1
158,HR+,0.4,1
158,TN,0.5714285714285714,1
496,HER2+,0.75,1
496,HR+,0.4,1
496,TN,0.5714285714285714,1
2715,TN,0.6363636363636364,1
72,TN,0.5714285714285714,1
832,HR+,0.8333333333333334,1
2005,HR+,0.8333333333333334,1
867,HER2+,0.9090909090909091,1
225,HR+,0.8333333333333334,1
225,TN,0.7,1
227,HER2+,1.0,1
852,TN,0.5555555555555556,1
852,HR+,0.7692307692307693,1
852,HER2+,0.9090909090909091,1
866,TN,0.5555555555555556,1
866,HR+,0.7692307692307693,1
866,HER2+,0.9090909090909091,1
862,TN,0.5555555555555556,1
2005,HER2+,1.0,1
862,HR+,0.7692307692307693,1
227,HR+,0.8333333333333334,1
227,TN,0.7,1
853,TN,0.5555555555555556,1
853,HR+,0.7692307692307693,1
853,HER2+,0.9090909090909091,1
865,TN,0.5555555555555556,1
865,HR+,0.7692307692307693,1
865,HER2+,0.9090909090909091,1
867,TN,0.5555555555555556,1
867,HR+,0.7692307692307693,1
862,HER2+,0.9090909090909091,1
832,HER2+,0.875,1
849,TN,0.46153846153846156,1
849,HR+,0.8333333333333334,1
2281,TN,0.8,1
2280,HER2+,0.8888888888888888,1
2280,HR+,0.6428571428571429,1
2280,TN,0.8,1
2122,HER2+,0.9166666666666666,1
2122,HR+,0.7777777777777778,1
2122,TN,0.5833333333333334,1
725,HER2+,0.9166666666666666,1
725,HR+,0.7777777777777778,1
725,TN,0.5833333333333334,1
2281,HR+,0.6428571428571429,1
489,HER2+,0.9166666666666666,1
489,TN,0.5833333333333334,1
2226,HER2+,1.0,1
2226,HR+,0.5,1
2226,TN,0.3333333333333333,1
2225,HER2+,1.0,1
2225,HR+,0.5,1
2225,TN,0.3333333333333333,1
1420,HER2+,1.0,1
1420,HR+,0.5,1
1420,TN,0.3333333333333333,1
489,HR+,0.7777777777777778,1
2227,HER2+,1.0,1
2281,HER2+,0.8888888888888888,1
2289,HR+,0.6428571428571429,1
1356,HER2+,0.875,1
1356,HR+,0.7272727272727273,1
1356,TN,0.5,1
1358,HER2+,0.875,1
1358,HR+,0.7272727272727273,1
1358,TN,0.5,1
1853,HER2+,0.875,1
1853,HR+,0.7272727272727273,1
1853,TN,0.5,1
1843,HER2+,0.875,1
2289,TN,0.8,1
1843,HR+,0.7272727272727273,1
1359,HER2+,0.875,1
1359,HR+,0.7272727272727273,1
1359,TN,0.5,1
1357,HER2+,0.875,1
1357,HR+,0.7272727272727273,1
1357,TN,0.5,1
2278,HER2+,0.8888888888888888,1
2278,HR+,0.6428571428571429,1
2278,TN,0.8,1
2289,HER2+,0.8888888888888888,1
1843,TN,0.5,1
2715,HR+,0.7272727272727273,1
2227,HR+,0.5,1
1964,HER2+,0.8,1
2756,HER2+,0.9285714285714286,1
2756,HR+,0.7,1
2756,TN,0.5555555555555556,1
2755,HER2+,0.9285714285714286,1
2755,HR+,0.7,1
2755,TN,0.5555555555555556,1
722,HER2+,1.0,1
722,HR+,0.5384615384615384,1
722,TN,0.3333333333333333,1
184,HER2+,1.0,1
2025,TN,0.8181818181818182,1
184,HR+,0.5384615384615384,1
869,HER2+,0.875,1
869,HR+,0.8333333333333334,1
869,TN,0.46153846153846156,1
848,HER2+,0.875,1
848,HR+,0.8333333333333334,1
848,TN,0.46153846153846156,1
833,HER2+,0.875,1
833,HR+,0.8333333333333334,1
833,TN,0.46153846153846156,1
849,HER2+,0.875,1
184,TN,0.3333333333333333,1
2227,TN,0.3333333333333333,1
2025,HR+,0.6666666666666666,1
2745,TN,0.375,1
1964,HR+,1.0,1
1964,TN,0.4666666666666667,1
2425,HER2+,0.8571428571428571,1
2425,HR+,0.35294117647058826,1
2425,TN,0.6666666666666666,1
1451,HER2+,0.8571428571428571,1
1451,HR+,0.35294117647058826,1
1451,TN,0.6666666666666666,1
1450,HER2+,0.8571428571428571,1
1450,HR+,0.35294117647058826,1
2025,HER2+,1.0,1
1450,TN,0.6666666666666666,1
1449,HR+,0.35294117647058826,1
1449,TN,0.6666666666666666,1
2405,HER2+,0.8571428571428571,1
2405,HR+,0.35294117647058826,1
2405,TN,0.6666666666666666,1
2744,HER2+,1.0,1
2744,HR+,1.0,1
2744,TN,0.375,1
2745,HER2+,1.0,1
2745,HR+,1.0,1
1449,HER2+,0.8571428571428571,1
2715,HER2+,0.9090909090909091,1
468,HER2+,0.7777777777777778,1
468,HR+,0.5882352941176471,1
1770,HER2+,1.0,1
1770,HR+,0.6923076923076923,1
1770,TN,0.8,1
1749,HER2+,1.0,1
1749,HR+,0.6923076923076923,1
1749,TN,0.8,1
1750,HER2+,1.0,1
1750,HR+,0.6923076923076923,1
1750,TN,0.8,1
1894,HER2+,1.0,1
1755,TN,0.8,1
1894,HR+,0.7058823529411765,1
1896,HER2+,1.0,1
1896,HR+,0.7058823529411765,1
1896,TN,0.6666666666666666,1
610,HER2+,1.0,1
610,HR+,0.8181818181818182,1
610,TN,0.5,1
379,HER2+,1.0,1
379,HR+,0.8181818181818182,1
379,TN,0.5,1
415,HER2+,1.0,1
1894,TN,0.6666666666666666,1
415,HR+,0.8181818181818182,1
1755,HR+,0.6923076923076923,1
1754,TN,0.8,1
2355,TN,0.25,1
2355,HR+,0.6,1
2355,HER2+,0.9,1
2267,HR+,0.6923076923076923,1
2267,TN,0.8,1
1751,HER2+,1.0,1
1751,HR+,0.6923076923076923,1
1751,TN,0.8,1
1759,HER2+,1.0,1
2358,TN,0.25,1
1755,HER2+,1.0,1
2358,HR+,0.6,1
1759,HR+,0.6923076923076923,1
1759,TN,0.8,1
1758,HER2+,1.0,1
2357,TN,0.25,1
2357,HR+,0.6,1
2357,HER2+,0.9,1
1758,HR+,0.6923076923076923,1
1758,TN,0.8,1
1754,HER2+,1.0,1
1754,HR+,0.6923076923076923,1
2358,HER2+,0.9,1
2267,HER2+,1.0,1
415,TN,0.5,1
2623,HR+,0.8181818181818182,1
2692,HER2+,1.0,1
2692,HR+,0.8181818181818182,1
2692,TN,0.5,1
1869,TN,0.6363636363636364,1
1869,HR+,0.3333333333333333,1
1869,HER2+,1.0,1
1850,TN,0.6363636363636364,1
1850,HR+,0.3333333333333333,1
1850,HER2+,1.0,1
1890,TN,0.6363636363636364,1
2418,HER2+,1.0,1
1890,HR+,0.3333333333333333,1
1115,TN,0.6363636363636364,1
1115,HR+,0.3333333333333333,1
1115,HER2+,1.0,1
1152,HER2+,0.8333333333333334,1
1152,HR+,0.25,1
1152,TN,0.46153846153846156,1
1112,TN,0.6363636363636364,1
1112,HR+,0.3333333333333333,1
1112,HER2+,1.0,1
2719,HER2+,0.9090909090909091,1
1890,HER2+,1.0,1
2623,HER2+,1.0,1
2418,HR+,0.4666666666666667,1
2697,TN,0.5,1
2623,TN,0.5,1
2691,HER2+,1.0,1
2691,HR+,0.8181818181818182,1
2691,TN,0.5,1
2694,HER2+,1.0,1
2694,HR+,0.8181818181818182,1
2694,TN,0.5,1
2695,HER2+,1.0,1
2695,HR+,0.8181818181818182,1
2695,TN,0.5,1
2418,TN,0.5714285714285714,1
2696,HER2+,1.0,1
2696,TN,0.5,1
2698,HER2+,1.0,1
2698,HR+,0.8181818181818182,1
2698,TN,0.5,1
2377,HR+,0.5,1
2693,HER2+,1.0,1
2693,HR+,0.8181818181818182,1
2693,TN,0.5,1
2697,HER2+,1.0,1
2697,HR+,0.8181818181818182,1
2696,HR+,0.8181818181818182,1
1852,TN,0.5,1
2253,TN,0.8,1
2253,HER2+,1.0,1
1667,HR+,0.6,1
1667,HER2+,0.9411764705882353,1
1666,TN,0.2857142857142857,1
1666,HR+,0.6,1
1666,HER2+,0.9411764705882353,1
1419,TN,0.2857142857142857,1
1419,HR+,0.6,1
1419,HER2+,0.9411764705882353,1
1660,TN,0.2857142857142857,1
1660,HR+,0.6,1
1667,TN,0.2857142857142857,1
1660,HER2+,0.9411764705882353,1
1656,HR+,0.6,1
1656,HER2+,0.9411764705882353,1
1675,TN,0.2857142857142857,1
1675,HR+,0.6,1
1675,HER2+,0.9411764705882353,1
2640,HER2+,0.8666666666666667,1
2640,HR+,0.6153846153846154,1
2640,TN,0.6,1
1010,HER2+,0.9,1
1010,HR+,0.5714285714285714,1
1656,TN,0.2857142857142857,1
1010,TN,0.7,1
1668,HER2+,0.9411764705882353,1
1668,TN,0.2857142857142857,1
468,TN,0.7142857142857143,1
900,HER2+,0.7777777777777778,1
900,HR+,0.5882352941176471,1
900,TN,0.7142857142857143,1
2383,HER2+,0.7777777777777778,1
2383,HR+,0.5882352941176471,1
2383,TN,0.7142857142857143,1
923,HER2+,0.7777777777777778,1
923,HR+,0.5882352941176471,1
923,TN,0.7142857142857143,1
1668,HR+,0.6,1
1975,HER2+,0.7777777777777778,1
1975,TN,0.7142857142857143,1
236,TN,0.7,1
236,HR+,0.7,1
236,HER2+,0.9230769230769231,1
1670,TN,0.2857142857142857,1
1670,HR+,0.6,1
1670,HER2+,0.9411764705882353,1
1669,TN,0.2857142857142857,1
1669,HR+,0.6,1
1669,HER2+,0.9411764705882353,1
1975,HR+,0.5882352941176471,1
2253,HR+,0.6923076923076923,1
1105,HER2+,0.9090909090909091,1
1105,TN,0.5,1
612,TN,0.625,1
1739,HER2+,0.6363636363636364,1
1739,HR+,0.5714285714285714,1
1739,TN,0.625,1
597,HER2+,0.6363636363636364,1
597,HR+,0.5714285714285714,1
597,TN,0.625,1
392,HER2+,0.6363636363636364,1
392,HR+,0.5714285714285714,1
392,TN,0.625,1
612,HR+,0.5714285714285714,1
391,HER2+,0.6363636363636364,1
391,TN,0.625,1
388,HER2+,0.6363636363636364,1
388,HR+,0.5714285714285714,1
388,TN,0.625,1
390,HER2+,0.6363636363636364,1
390,HR+,0.5714285714285714,1
390,TN,0.625,1
607,HER2+,0.6363636363636364,1
607,HR+,0.5714285714285714,1
607,TN,0.625,1
391,HR+,0.5714285714285714,1
1105,HR+,0.5,1
612,HER2+,0.6363636363636364,1
609,HR+,0.5714285714285714,1
2091,HER2+,1.0,1
2091,HR+,0.6153846153846154,1
2091,TN,0.3333333333333333,1
2084,HER2+,1.0,1
2084,HR+,0.6153846153846154,1
2084,TN,0.3333333333333333,1
2085,HER2+,1.0,1
2085,HR+,0.6153846153846154,1
2085,TN,0.3333333333333333,1
2089,HER2+,1.0,1
609,TN,0.625,1
2089,HR+,0.6153846153846154,1
2090,HER2+,1.0,1
2090,HR+,0.6153846153846154,1
2090,TN,0.3333333333333333,1
2093,HER2+,1.0,1
2093,HR+,0.6153846153846154,1
2093,TN,0.3333333333333333,1
606,HER2+,0.6363636363636364,1
606,HR+,0.5714285714285714,1
606,TN,0.625,1
609,HER2+,0.6363636363636364,1
2089,TN,0.3333333333333333,1
1852,HR+,0.7272727272727273,1
2719,TN,0.4444444444444444,1
1296,HER2+,1.0,1
1601,TN,0.7142857142857143,1
2178,HER2+,1.0,1
2179,TN,0.5,1
2179,HR+,0.6666666666666666,1
826,TN,0.5,1
828,HER2+,0.9,1
828,HR+,0.6363636363636364,1
2179,HER2+,1.0,1
2169,TN,0.5,1
2169,HR+,0.6666666666666666,1
2169,HER2+,1.0,1
2180,TN,0.5,1
2180,HR+,0.6666666666666666,1
2180,HER2+,1.0,1
2170,TN,0.5,1
1601,HR+,0.5789473684210527,1
2170,HR+,0.6666666666666666,1
2178,HR+,0.6666666666666666,1
1852,HER2+,0.875,1
1295,HER2+,1.0,1
67,TN,0.4,1
67,HR+,0.46153846153846156,1
12,HER2+,0.9,1
12,HR+,0.6363636363636364,1
12,TN,0.5,1
826,HER2+,0.9,1
826,HR+,0.6363636363636364,1
163,HR+,0.5789473684210527,1
163,TN,0.7142857142857143,1
1601,HER2+,1.0,1
67,HER2+,1.0,1
66,TN,0.4,1
66,HR+,0.46153846153846156,1
66,HER2+,1.0,1
2178,TN,0.5,1
1295,HR+,0.46153846153846156,1
2170,HER2+,1.0,1
1210,HR+,0.625,1
484,HER2+,0.9333333333333333,1
688,TN,0.5,1
688,HR+,0.7692307692307693,1
1200,HER2+,1.0,1
1200,HR+,0.7777777777777778,1
1200,TN,0.7692307692307693,1
1197,HER2+,1.0,1
1197,HR+,0.7777777777777778,1
688,HER2+,0.9333333333333333,1
206,TN,0.7142857142857143,1
206,HR+,0.7,1
206,HER2+,1.0,1
201,TN,0.7142857142857143,1
201,HR+,0.7,1
201,HER2+,1.0,1
754,TN,0.5833333333333334,1
1210,TN,0.8571428571428571,1
484,TN,0.5,1
1395,HR+,0.7692307692307693,1
1210,HER2+,1.0,1
1155,TN,0.8571428571428571,1
1155,HR+,0.625,1
828,TN,0.5,1
1155,HER2+,1.0,1
1394,TN,0.8571428571428571,1
1394,HR+,0.625,1
1116,HER2+,1.0,1
1116,HR+,0.5454545454545454,1
1394,HER2+,1.0,1
842,TN,0.8571428571428571,1
842,HR+,0.625,1
1116,TN,0.7142857142857143,1
842,HER2+,1.0,1
1395,TN,0.5,1
1395,HER2+,0.9333333333333333,1
203,TN,0.7142857142857143,1
1295,TN,0.4,1
1296,HR+,0.46153846153846156,1
772,HR+,0.5882352941176471,1
2353,HER2+,1.0,1
772,HER2+,0.8888888888888888,1
1074,HER2+,0.9090909090909091,1
1074,HR+,0.4666666666666667,1
1074,TN,0.625,1
1457,HER2+,0.9090909090909091,1
2256,HR+,0.625,1
2256,HER2+,1.0,1
2257,TN,0.5384615384615384,1
2353,HR+,0.4444444444444444,1
2257,HR+,0.625,1
1861,TN,0.8571428571428571,1
1861,HR+,0.5882352941176471,1
1861,HER2+,0.8888888888888888,1
772,TN,0.8571428571428571,1
1863,TN,0.8571428571428571,1
1862,HER2+,0.8888888888888888,1
1862,HR+,0.5882352941176471,1
754,HR+,0.6428571428571429,1
754,HER2+,0.875,1
2183,TN,0.75,1
2183,HR+,0.6923076923076923,1
2183,HER2+,1.0,1
152,TN,0.3333333333333333,1
152,HR+,0.55,1
152,HER2+,0.875,1
1448,TN,0.6923076923076923,1
1448,HR+,0.75,1
1448,HER2+,1.0,1
2130,TN,0.25,1
2130,HR+,0.5,1
2130,HER2+,0.9166666666666666,1
1862,TN,0.8571428571428571,1
2256,TN,0.5384615384615384,1
163,HER2+,1.0,1
1863,HR+,0.5882352941176471,1
2235,HER2+,1.0,1
1457,HR+,0.4666666666666667,1
2242,HER2+,1.0,1
2242,HR+,0.4444444444444444,1
1457,TN,0.625,1
2242,TN,0.2857142857142857,1
836,HER2+,0.9,1
836,HR+,0.6363636363636364,1
2138,HER2+,0.875,1
2138,HR+,0.7272727272727273,1
836,TN,0.5,1
2138,TN,0.35714285714285715,1
2174,TN,0.42857142857142855,1
2174,HR+,0.46153846153846156,1
2174,HER2+,0.9230769230769231,1
1296,TN,0.4,1
1160,HER2+,0.9,1
2353,TN,0.2857142857142857,1
2271,TN,0.2857142857142857,1
2271,HER2+,1.0,1
2257,HER2+,1.0,1
2235,HR+,0.4444444444444444,1
2235,TN,0.2857142857142857,1
2354,HER2+,1.0,1
2354,HR+,0.4444444444444444,1
1863,HER2+,0.8888888888888888,1
701,TN,0.8571428571428571,1
701,HR+,0.5882352941176471,1
701,HER2+,0.8888888888888888,1
1860,TN,0.8571428571428571,1
1860,HR+,0.5882352941176471,1
1860,HER2+,0.8888888888888888,1
1160,TN,0.8,1
1160,HR+,0.5384615384615384,1
2354,TN,0.2857142857142857,1
2271,HR+,0.4444444444444444,1
203,HR+,0.7,1
484,HR+,0.7692307692307693,1
1162,HR+,0.6666666666666666,1
410,HR+,0.5714285714285714,1
1162,HER2+,0.9090909090909091,1
2728,TN,0.5,1
1162,TN,0.8181818181818182,1
2250,HER2+,0.9230769230769231,1
2250,HR+,0.6666666666666666,1
2250,TN,0.7272727272727273,1
2240,HER2+,0.9230769230769231,1
177,HER2+,1.0,1
177,HR+,0.5384615384615384,1
177,TN,0.5454545454545454,1
1213,TN,0.7692307692307693,1
1213,HR+,0.7777777777777778,1
1213,HER2+,1.0,1
1212,TN,0.7692307692307693,1
1212,HR+,0.7777777777777778,1
1212,HER2+,1.0,1
2447,TN,0.7692307692307693,1
410,TN,0.4,1
419,HER2+,1.0,1
2447,HR+,0.7777777777777778,1
2447,HER2+,1.0,1
1204,TN,0.7692307692307693,1
2240,HR+,0.6666666666666666,1
2240,TN,0.7272727272727273,1
2246,HER2+,0.9230769230769231,1
1350,HER2+,0.875,1
1157,HER2+,0.9285714285714286,1
214,HR+,0.6363636363636364,1
410,HER2+,1.0,1
598,TN,0.4,1
1157,HR+,0.7272727272727273,1
1776,TN,0.7333333333333333,1
2652,HER2+,0.7692307692307693,1
2652,HR+,0.6666666666666666,1
2652,TN,0.3333333333333333,1
214,HER2+,0.8461538461538461,1
213,TN,0.6666666666666666,1
213,HR+,0.6363636363636364,1
213,HER2+,0.8461538461538461,1
214,TN,0.6666666666666666,1
1410,HER2+,0.8461538461538461,1
598,HR+,0.5714285714285714,1
1410,HR+,0.6363636363636364,1
1410,TN,0.6666666666666666,1
1222,TN,0.3333333333333333,1
2654,HER2+,0.7692307692307693,1
1414,HER2+,0.8461538461538461,1
2654,HR+,0.6666666666666666,1
1075,HER2+,1.0,1
1075,HR+,0.75,1
1222,HR+,0.6666666666666666,1
1075,TN,0.6666666666666666,1
2063,HER2+,0.9090909090909091,1
2063,HR+,0.6666666666666666,1
2063,TN,0.6,1
1222,HER2+,0.7692307692307693,1
1158,TN,0.4444444444444444,1
1158,HR+,0.7272727272727273,1
1158,HER2+,0.9285714285714286,1
1157,TN,0.4444444444444444,1
1776,HER2+,0.875,1
1776,HR+,0.8181818181818182,1
2654,TN,0.3333333333333333,1
1414,HR+,0.6363636363636364,1
598,HER2+,1.0,1
1350,HR+,0.7272727272727273,1
1870,HER2+,1.0,1
2009,TN,0.5454545454545454,1
1159,TN,0.4444444444444444,1
1159,HR+,0.7272727272727273,1
75,TN,0.7142857142857143,1
75,HR+,0.5789473684210527,1
1198,TN,0.7692307692307693,1
1159,HER2+,0.9285714285714286,1
1176,TN,0.4444444444444444,1
1176,HR+,0.7272727272727273,1
75,HER2+,1.0,1
1854,TN,0.5,1
1344,HER2+,0.875,1
1344,HR+,0.7272727272727273,1
203,HER2+,1.0,1
1344,TN,0.5,1
1198,HR+,0.7777777777777778,1
1198,HER2+,1.0,1
1215,TN,0.7692307692307693,1
1215,HR+,0.7777777777777778,1
1215,HER2+,1.0,1
1197,TN,0.7692307692307693,1
2142,TN,0.875,1
2142,HR+,0.47058823529411764,1
382,HR+,0.5714285714285714,1
382,TN,0.4,1
2728,HER2+,0.9230769230769231,1
2728,HR+,0.5,1
2142,HER2+,1.0,1
2377,TN,0.8888888888888888,1
1176,HER2+,0.9285714285714286,1
210,TN,0.7142857142857143,1
1414,TN,0.6666666666666666,1
210,HER2+,1.0,1
1350,TN,0.5,1
2009,HR+,0.8888888888888888,1
2246,HR+,0.6666666666666666,1
2246,TN,0.7272727272727273,1
2245,HER2+,0.9230769230769231,1
1204,HR+,0.7777777777777778,1
1204,HER2+,1.0,1
1211,TN,0.7692307692307693,1
210,HR+,0.7,1
1211,HER2+,1.0,1
2009,HER2+,1.0,1
1867,TN,0.7272727272727273,1
419,HR+,0.5714285714285714,1
1211,HR+,0.7777777777777778,1
382,HER2+,1.0,1
1867,HR+,0.46153846153846156,1
1854,HER2+,0.875,1
1870,HR+,0.6666666666666666,1
1870,TN,0.14285714285714285,1
1854,HR+,0.7272727272727273,1
2245,HR+,0.6666666666666666,1
2245,TN,0.7272727272727273,1
419,TN,0.4,1
1867,HER2+,0.9,1
202,TN,0.6488095238095238,2
687,HER2+,0.9,2
480,HER2+,0.8888888888888888,2
911,HR+,0.5882352941176471,2
480,HR+,0.6274509803921569,2
204,HR+,0.6681818181818182,2
727,HR+,0.5941176470588235,2
727,TN,0.7662337662337663,2
204,TN,0.6904761904761905,2
2390,TN,0.6515151515151515,2
2390,HR+,0.6875,2
2390,HER2+,0.9285714285714286,2
911,HER2+,0.8333333333333333,2
480,TN,0.7662337662337663,2
204,HER2+,0.9230769230769231,2
911,TN,0.7857142857142857,2
2747,HR+,0.8636363636363636,2
910,TN,0.7857142857142857,2
2746,TN,0.5056818181818181,2
2413,HER2+,0.9583333333333333,2
2413,HR+,0.7071428571428571,2
2413,TN,0.6571428571428571,2
2412,HER2+,0.9583333333333333,2
2412,HR+,0.7071428571428571,2
2412,TN,0.6571428571428571,2
500,TN,0.6488095238095238,2
500,HR+,0.5894736842105264,2
500,HER2+,1.0,2
74,HER2+,0.825,2
2746,HR+,0.8636363636363636,2
74,HR+,0.5181818181818182,2
498,TN,0.6488095238095238,2
498,HR+,0.5894736842105264,2
498,HER2+,1.0,2
494,TN,0.6488095238095238,2
494,HR+,0.5894736842105264,2
517,HER2+,0.875,2
2747,TN,0.5056818181818181,2
494,HER2+,1.0,2
517,TN,0.7301587301587301,2
517,HR+,0.45,2
2747,HER2+,0.9545454545454546,2
74,TN,0.5357142857142857,2
727,HER2+,0.7638888888888888,2
2746,HER2+,0.9545454545454546,2
1173,HR+,0.5944055944055944,2
910,HR+,0.5882352941176471,2
910,HER2+,0.8333333333333333,2
908,TN,0.7857142857142857,2
908,HR+,0.5882352941176471,2
870,TN,0.5085470085470085,2
1902,HER2+,0.9444444444444444,2
1902,HR+,0.6093117408906883,2
1902,TN,0.7916666666666667,2
908,HER2+,0.8333333333333333,2
1413,HER2+,0.8333333333333333,2
1413,HR+,0.6477732793522267,2
1173,HER2+,0.9642857142857143,2
1413,TN,0.7348484848484849,2
2132,HR+,0.6136363636363636,2
2132,TN,0.3035714285714286,2
915,TN,0.7857142857142857,2
915,HR+,0.5882352941176471,2
915,HER2+,0.8333333333333333,2
870,HR+,0.8012820512820513,2
870,HER2+,0.8920454545454546,2
2288,TN,0.8166666666666667,2
2288,HR+,0.6547619047619048,2
2288,HER2+,0.9444444444444444,2
1173,TN,0.6222222222222222,2
2132,HER2+,0.8958333333333333,2
202,HR+,0.7666666666666666,2
1360,TN,0.5,2
687,HR+,0.6923076923076923,2
383,HR+,0.6948051948051948,2
383,HER2+,1.0,2
408,TN,0.45,2
408,HR+,0.6948051948051948,2
408,HER2+,1.0,2
2247,HER2+,0.916083916083916,2
2247,HR+,0.6666666666666666,2
2247,TN,0.7727272727272727,2
389,TN,0.5625,2
389,HR+,0.6948051948051948,2
389,HER2+,0.8181818181818181,2
249,TN,0.6227272727272727,2
249,HR+,0.75,2
249,HER2+,1.0,2
208,TN,0.6227272727272727,2
208,HR+,0.6190476190476191,2
495,HER2+,0.9615384615384616,2
495,HR+,0.6636363636363636,2
495,TN,0.7361111111111112,2
208,HER2+,0.95,2
178,TN,0.6818181818181819,2
178,HR+,0.8944444444444444,2
178,HER2+,0.9642857142857143,2
689,TN,0.5,2
689,HR+,0.8131868131868132,2
689,HER2+,0.8952380952380952,2
39,TN,0.5961538461538461,2
39,HR+,0.7362637362637363,2
39,HER2+,0.8571428571428571,2
383,TN,0.45,2
384,HER2+,1.0,2
384,HR+,0.6948051948051948,2
384,TN,0.45,2
1889,HER2+,1.0,2
1889,HR+,0.5196078431372549,2
1889,TN,0.6515151515151515,2
1851,HER2+,0.9375,2
1851,HR+,0.5303030303030303,2
1851,TN,0.5681818181818181,2
2624,TN,0.45,2
2624,HR+,0.6398601398601399,2
2624,HER2+,1.0,2
1408,HER2+,0.9230769230769231,2
1408,HR+,0.5515151515151515,2
1408,TN,0.6190476190476191,2
2440,HER2+,1.0,2
2440,HR+,0.5666666666666667,2
1073,TN,0.5833333333333333,2
2440,TN,0.5357142857142857,2
2439,HR+,0.5060606060606061,2
2439,TN,0.6357142857142857,2
504,HER2+,1.0,2
504,HR+,0.55,2
504,TN,0.7361111111111112,2
2228,HER2+,1.0,2
2228,HR+,0.4375,2
2228,TN,0.45833333333333337,2
2626,TN,0.5625,2
2626,HR+,0.7727272727272727,2
2626,HER2+,0.9642857142857143,2
2630,TN,0.5625,2
2630,HR+,0.7727272727272727,2
2630,HER2+,0.9642857142857143,2
2439,HER2+,0.9583333333333333,2
1073,HR+,0.8035714285714286,2
1073,HER2+,0.9285714285714286,2
1895,TN,0.6111111111111112,2
2082,HR+,0.641025641025641,2
2082,HER2+,1.0,2
2166,HER2+,1.0,2
2166,HR+,0.5076923076923077,2
2166,TN,0.625,2
1118,HER2+,0.95,2
1118,HR+,0.6442307692307692,2
1118,TN,0.6916666666666667,2
2096,TN,0.5952380952380952,2
2096,HR+,0.5576923076923077,2
2096,HER2+,0.9583333333333333,2
742,HER2+,0.829059829059829,2
2424,TN,0.6904761904761905,2
2424,HR+,0.45772058823529416,2
2082,TN,0.5833333333333334,2
2424,HER2+,0.9285714285714286,2
1106,HR+,0.5192307692307692,2
1106,HER2+,0.9045454545454545,2
742,HR+,0.6274509803921569,2
742,TN,0.5952380952380952,2
2392,TN,0.6833333333333333,2
2392,HR+,0.6607142857142857,2
2392,HER2+,0.8785714285714286,2
2117,TN,0.5681818181818181,2
2117,HR+,0.606060606060606,2
2117,HER2+,1.0,2
513,HER2+,0.928921568627451,2
513,HR+,0.55,2
513,TN,0.5714285714285714,2
687,TN,0.55,2
1106,TN,0.65,2
202,HER2+,0.9,2
2175,TN,0.4642857142857143,2
2175,HER2+,0.9615384615384616,2
1895,HR+,0.6529411764705882,2
1895,HER2+,1.0,2
2261,TN,0.65,2
2261,HR+,0.6153846153846154,2
2261,HER2+,1.0,2
63,HER2+,0.8846153846153846,2
1748,TN,0.6307692307692307,2
1748,HR+,0.7628205128205128,2
1748,HER2+,0.9375,2
254,HER2+,0.8888888888888888,2
254,HR+,0.5224358974358975,2
254,TN,0.7692307692307692,2
63,HR+,0.5641025641025641,2
63,TN,0.3666666666666667,2
2175,HR+,0.5641025641025641,2
1743,TN,0.7125,2
1743,HER2+,0.7681818181818182,2
403,HER2+,0.9,2
840,TN,0.7410714285714286,2
840,HR+,0.5982142857142857,2
840,HER2+,0.8181818181818181,2
2176,HER2+,0.9615384615384616,2
2176,HR+,0.5641025641025641,2
2176,TN,0.4642857142857143,2
2433,HER2+,1.0,2
2433,HR+,0.525,2
2433,TN,0.3968253968253968,2
2177,HER2+,0.9615384615384616,2
2177,HR+,0.5641025641025641,2
2177,TN,0.4642857142857143,2
1743,HR+,0.554945054945055,2
403,HR+,0.7023809523809523,2
512,TN,0.6666666666666667,2
855,HER2+,0.8920454545454546,2
831,HER2+,0.8875,2
1123,HER2+,0.9375,2
1123,HR+,0.8636363636363636,2
1123,TN,0.6071428571428572,2
827,TN,0.4807692307692308,2
827,HR+,0.7348484848484849,2
827,HER2+,0.8875,2
829,TN,0.4807692307692308,2
2389,HER2+,0.9285714285714286,2
2389,HR+,0.48897058823529416,2
2389,TN,0.6515151515151515,2
2394,HER2+,0.9285714285714286,2
2394,HR+,0.48897058823529416,2
829,HR+,0.7348484848484849,2
403,TN,0.4916666666666667,2
829,HER2+,0.8875,2
2396,HER2+,0.9285714285714286,2
844,TN,0.4807692307692308,2
844,HR+,0.7348484848484849,2
2396,HR+,0.48897058823529416,2
2396,TN,0.6515151515151515,2
2406,HER2+,0.873015873015873,2
2406,HR+,0.48897058823529416,2
2406,TN,0.7708333333333333,2
1117,TN,0.5,2
844,HER2+,0.8875,2
830,TN,0.4807692307692308,2
830,HR+,0.7348484848484849,2
476,HER2+,0.8888888888888888,2
476,HR+,0.6441176470588235,2
2394,TN,0.6515151515151515,2
476,TN,0.6648351648351649,2
1963,TN,0.5145833333333334,2
1963,HER2+,0.9,2
1203,TN,0.8131868131868132,2
1203,HR+,0.7013888888888888,2
1203,HER2+,1.0,2
1425,HER2+,1.0,2
1608,HR+,0.6356275303643725,2
512,HR+,0.5,2
1201,TN,0.8131868131868132,2
1201,HR+,0.7013888888888888,2
1201,HER2+,1.0,2
512,HER2+,1.0,2
1608,TN,0.5972222222222222,2
1223,TN,0.5512820512820513,2
2222,HER2+,1.0,2
2044,TN,0.7321428571428572,2
1963,HR+,0.85,2
2044,HR+,0.48947368421052634,2
2222,TN,0.3333333333333333,2
1223,HR+,0.7222222222222222,2
1223,HER2+,0.8846153846153846,2
1202,TN,0.8131868131868132,2
1958,HER2+,0.9,2
2044,HER2+,1.0,2
1958,HR+,0.9444444444444444,2
1958,TN,0.5060606060606061,2
1965,HER2+,0.9,2
1965,HR+,0.8333333333333333,2
1965,TN,0.4,2
1202,HR+,0.7013888888888888,2
1202,HER2+,1.0,2
831,TN,0.4807692307692308,2
2222,HR+,0.4772727272727273,2
816,HER2+,1.0,2
816,HR+,0.63125,2
1117,HR+,0.4949494949494949,2
471,TN,0.6648351648351649,2
474,HER2+,0.8888888888888888,2
474,HR+,0.6441176470588235,2
474,TN,0.6648351648351649,2
804,HER2+,0.9,2
804,HR+,0.85,2
804,TN,0.5410256410256411,2
199,HER2+,1.0,2
199,HR+,0.6192307692307693,2
199,TN,0.5238095238095238,2
191,HER2+,1.0,2
191,HR+,0.6192307692307693,2
191,TN,0.5238095238095238,2
473,HER2+,0.8888888888888888,2
471,HR+,0.6441176470588235,2
473,HR+,0.6441176470588235,2
721,HER2+,1.0,2
721,HR+,0.6442307692307692,2
721,TN,0.5666666666666667,2
2244,TN,0.5064935064935066,2
2244,HR+,0.5555555555555556,2
466,HER2+,0.8888888888888888,2
466,HR+,0.6441176470588235,2
466,TN,0.6648351648351649,2
465,HER2+,0.8888888888888888,2
465,HR+,0.6441176470588235,2
465,TN,0.6648351648351649,2
2244,HER2+,0.9615384615384616,2
834,HER2+,0.8875,2
834,HR+,0.7348484848484849,2
473,TN,0.6648351648351649,2
471,HER2+,0.8888888888888888,2
196,TN,0.5238095238095238,2
805,TN,0.5410256410256411,2
1117,HER2+,1.0,2
816,TN,0.6648351648351649,2
477,HER2+,0.8888888888888888,2
477,HR+,0.6441176470588235,2
477,TN,0.6648351648351649,2
461,HER2+,0.9583333333333333,2
461,HR+,0.7388888888888889,2
461,TN,0.5993589743589745,2
806,HER2+,1.0,2
806,HR+,0.6192307692307693,2
806,TN,0.47435897435897434,2
2238,HER2+,0.9615384615384616,2
2238,HR+,0.5555555555555556,2
467,HER2+,0.8888888888888888,2
467,HR+,0.6441176470588235,2
1876,HER2+,1.0,2
1876,HR+,0.875,2
805,HR+,0.85,2
805,HER2+,0.9,2
196,HR+,0.6192307692307693,2
196,HER2+,1.0,2
2239,TN,0.5064935064935066,2
2239,HR+,0.5555555555555556,2
1224,HER2+,0.8846153846153846,2
475,TN,0.6648351648351649,2
475,HER2+,0.8888888888888888,2
2239,HER2+,0.9615384615384616,2
2238,TN,0.5064935064935066,2
830,HER2+,0.8875,2
467,TN,0.6648351648351649,2
1876,TN,0.4791666666666667,2
475,HR+,0.6441176470588235,2
1425,HR+,0.45,2
831,HR+,0.7348484848484849,2
834,TN,0.4807692307692308,2
342,TN,0.5,2
342,HR+,0.7083333333333334,2
818,HR+,0.6858974358974359,2
818,TN,0.5166666666666666,2
604,HER2+,0.8181818181818181,2
342,HER2+,0.8263888888888888,2
252,TN,0.5192307692307692,2
604,HR+,0.6919642857142857,2
416,HER2+,0.8375,2
252,HR+,0.6553030303030303,2
252,HER2+,0.8263888888888888,2
2293,HER2+,0.9444444444444444,2
700,TN,0.6785714285714286,2
700,HR+,0.6577540106951871,2
700,HER2+,0.8819444444444444,2
702,HER2+,0.8819444444444444,2
604,TN,0.625,2
803,HER2+,0.8846153846153846,2
803,HR+,0.7395833333333333,2
193,HER2+,0.8888888888888888,2
193,HR+,0.5608974358974359,2
416,HR+,0.7803030303030303,2
2276,TN,0.5428571428571429,2
666,HR+,0.5277777777777778,2
666,HER2+,0.8645833333333333,2
762,TN,0.5,2
762,HR+,0.7083333333333334,2
762,HER2+,0.8263888888888888,2
253,TN,0.5192307692307692,2
253,HR+,0.6553030303030303,2
1425,TN,0.5416666666666666,2
818,HER2+,1.0,2
702,HR+,0.6577540106951871,2
253,HER2+,0.8263888888888888,2
34,HER2+,0.85,2
2738,HR+,0.7916666666666667,2
2738,HER2+,0.8888888888888888,2
193,TN,0.4358974358974359,2
2276,HER2+,0.9444444444444444,2
34,HR+,0.5773809523809523,2
34,TN,0.4916666666666667,2
416,TN,0.5416666666666667,2
2276,HR+,0.5436507936507937,2
2738,TN,0.4567307692307692,2
702,TN,0.6785714285714286,2
2646,HER2+,0.8461538461538463,2
803,TN,0.47916666666666663,2
2293,TN,0.65,2
1959,HER2+,0.9545454545454546,2
1959,HR+,0.8444444444444444,2
2279,HER2+,0.9444444444444444,2
2279,HR+,0.6964285714285714,2
2279,TN,0.6916666666666667,2
1959,TN,0.5080213903743316,2
1360,HER2+,0.9041666666666667,2
1360,HR+,0.7482517482517483,2
2293,HR+,0.5906593406593407,2
854,TN,0.5085470085470085,2
854,HER2+,0.8920454545454546,2
1214,HER2+,1.0,2
1415,HR+,0.7626262626262625,2
1224,TN,0.5512820512820513,2
1224,HR+,0.7222222222222222,2
855,TN,0.5085470085470085,2
1415,TN,0.606060606060606,2
1608,HER2+,1.0,2
855,HR+,0.8012820512820513,2
854,HR+,0.8012820512820513,2
2690,HER2+,0.9375,2
666,TN,0.7410714285714286,2
2119,HR+,0.7083333333333333,2
1214,HR+,0.6701388888888888,2
2690,HR+,0.5833333333333334,2
2690,TN,0.47857142857142854,2
2646,HR+,0.7083333333333333,2
2119,HER2+,1.0,2
2646,TN,0.5416666666666666,2
2120,HER2+,1.0,2
2120,HR+,0.7083333333333333,2
2120,TN,0.4285714285714286,2
2119,TN,0.4285714285714286,2
1214,TN,0.717948717948718,2
1415,HER2+,0.8873626373626373,2
1948,HER2+,0.9523809523809524,3
264,HER2+,0.8857142857142858,3
264,HR+,0.6260683760683761,3
2631,TN,0.6988095238095239,3
2631,HR+,0.5702020202020203,3
264,TN,0.7658730158730159,3
837,HER2+,0.9666666666666667,3
2434,HR+,0.5722222222222223,3
2045,TN,0.6833333333333332,3
255,HR+,0.5816239316239317,3
2186,HER2+,0.9761904761904763,3
255,HER2+,0.9021164021164022,3
1948,HR+,0.6287878787878788,3
1948,TN,0.4523809523809524,3
53,HER2+,0.9583333333333334,3
53,HR+,0.7239057239057239,3
53,TN,0.6135531135531135,3
1242,TN,0.7212121212121213,3
2434,HER2+,1.0,3
1242,HR+,0.6517094017094017,3
54,HER2+,0.9583333333333334,3
54,HR+,0.7239057239057239,3
255,TN,0.6980056980056979,3
2186,HR+,0.764102564102564,3
686,TN,0.5083333333333333,3
2186,TN,0.6473063973063974,3
2045,HR+,0.5499999999999999,3
54,TN,0.6135531135531135,3
2434,TN,0.43121693121693117,3
2481,TN,0.7762237762237761,3
2045,HER2+,0.9696969696969697,3
839,HR+,0.621031746031746,3
2481,HR+,0.5,3
2481,HER2+,0.9166666666666666,3
839,TN,0.6051587301587301,3
198,TN,0.57997557997558,3
1153,HER2+,0.9206349206349206,3
1153,TN,0.43532763532763535,3
198,HR+,0.5794871794871795,3
198,HER2+,0.9583333333333334,3
2199,TN,0.5712121212121212,3
1891,HER2+,1.0,3
1891,HR+,0.5019607843137255,3
1891,TN,0.6343434343434343,3
837,HR+,0.5639730639730639,3
839,HER2+,0.8018648018648018,3
686,HR+,0.5954415954415955,3
686,HER2+,0.9152777777777779,3
837,TN,0.5444444444444444,3
2631,HER2+,0.8625541125541126,3
1153,HR+,0.4796037296037296,3
2272,HR+,0.4874338624338624,3
697,HR+,0.680926916221034,3
1976,HER2+,0.8995098039215685,3
2437,HER2+,0.9743589743589745,3
2421,TN,0.6126984126984126,3
1976,HR+,0.7380952380952381,3
1976,TN,0.7658730158730159,3
2421,HR+,0.5112978524743231,3
2421,HER2+,0.9246031746031745,3
1977,TN,0.690873015873016,3
1128,TN,0.6613756613756614,3
2083,HR+,0.7273504273504273,3
2083,HER2+,1.0,3
1444,HER2+,0.919047619047619,3
1444,HR+,0.5381016042780749,3
1444,TN,0.6746031746031745,3
1221,TN,0.60994560994561,3
2199,HER2+,0.9444444444444445,3
2083,TN,0.6616161616161617,3
2419,TN,0.6126984126984126,3
1977,HR+,0.7124098124098124,3
1128,HR+,0.6103896103896104,3
2272,TN,0.5563492063492063,3
2272,HER2+,0.9629629629629629,3
1293,TN,0.5222222222222223,3
1293,HR+,0.690883190883191,3
2208,HER2+,0.9743589743589745,3
2208,HR+,0.5138888888888888,3
2208,TN,0.547979797979798,3
1977,HER2+,0.9583333333333334,3
1293,HER2+,0.9055555555555556,3
2628,HR+,0.6484848484848486,3
2628,TN,0.5654761904761905,3
1221,HER2+,0.8897435897435897,3
1221,HR+,0.6353276353276353,3
2437,TN,0.5995670995670995,3
2437,HR+,0.6,3
1128,HER2+,0.9666666666666667,3
2628,HER2+,0.8928571428571429,3
2167,TN,0.4305555555555556,3
2167,HR+,0.8148148148148148,3
2167,HER2+,0.9743589743589745,3
2753,HR+,0.8333333333333334,3
2753,TN,0.5861111111111111,3
699,TN,0.6190476190476191,3
699,HR+,0.6949129302070478,3
699,HER2+,0.899074074074074,3
1362,TN,0.5,3
1289,HER2+,0.9743589743589745,3
2753,HER2+,1.0,3
1362,HR+,0.6893106893106893,3
1361,TN,0.5,3
1361,HR+,0.6893106893106893,3
1289,HR+,0.7094017094017094,3
1289,TN,0.5007575757575758,3
1361,HER2+,0.9361111111111112,3
697,TN,0.6005291005291006,3
1242,HER2+,1.0,3
1362,HER2+,0.9361111111111112,3
2243,HR+,0.5521885521885522,3
2243,TN,0.5757575757575758,3
2430,TN,0.6313131313131313,3
2419,HR+,0.5112978524743231,3
2419,HER2+,0.9246031746031745,3
2199,HR+,0.5346907993966817,3
2407,HER2+,0.8897028897028898,3
2407,HR+,0.5482026143790849,3
2407,TN,0.7563131313131312,3
2408,HER2+,0.8897028897028898,3
1119,TN,0.7527777777777778,3
1119,HR+,0.6169871794871794,3
1119,HER2+,0.9,3
2408,HR+,0.5482026143790849,3
2408,TN,0.7563131313131312,3
2430,HER2+,0.88507326007326,3
2430,HR+,0.5398692810457516,3
259,HER2+,0.8925925925925925,3
259,HR+,0.5833333333333334,3
259,TN,0.4724164724164724,3
697,HER2+,0.8974867724867724,3
2243,HER2+,0.9743589743589745,3
835,HER2+,0.9249999999999999,3
223,TN,0.5619047619047618,3
1082,TN,0.6124999999999999,3
1411,HER2+,0.8962962962962963,3
1411,HR+,0.5780359990886307,3
1411,TN,0.6777777777777777,3
1082,HR+,0.5416666666666666,3
1082,HER2+,0.9111111111111111,3
491,HER2+,0.8796296296296297,3
491,HR+,0.5087719298245613,3
491,TN,0.6626984126984127,3
1969,TN,0.44979203802733214,3
1969,HR+,0.7851851851851852,3
1969,HER2+,0.9696969696969697,3
1960,TN,0.44979203802733214,3
1960,HR+,0.7851851851851852,3
1960,HER2+,0.9696969696969697,3
1967,TN,0.44979203802733214,3
1967,HR+,0.7851851851851852,3
1967,HER2+,0.9696969696969697,3
1966,TN,0.4942364824717766,3
738,HER2+,0.8888888888888888,3
1966,HR+,0.8962962962962964,3
738,HR+,0.6421568627450981,3
223,HR+,0.6592592592592592,3
1288,HER2+,0.9076923076923077,3
2391,TN,0.6305555555555555,3
2391,HR+,0.6000000000000001,3
2391,HER2+,0.9523809523809524,3
1129,TN,0.6455026455026455,3
1129,HR+,0.6785714285714285,3
1129,HER2+,0.919047619047619,3
244,HER2+,0.9135124135124135,3
244,HR+,0.6749999999999999,3
244,TN,0.7101851851851851,3
1288,HR+,0.6538461538461539,3
1288,TN,0.5702020202020203,3
912,TN,0.6904761904761904,3
912,HR+,0.6485671191553545,3
912,HER2+,0.8666666666666666,3
913,TN,0.746031746031746,3
913,HR+,0.5796568627450981,3
913,HER2+,0.8888888888888888,3
223,HER2+,0.9743589743589745,3
738,TN,0.7904761904761904,3
2118,HER2+,1.0,3
1966,HER2+,0.903030303030303,3
1151,HR+,0.6184926184926185,3
665,TN,0.6421957671957672,3
469,HER2+,0.9,3
469,HR+,0.75,3
469,TN,0.5646464646464646,3
1872,HER2+,0.9212962962962963,3
2395,TN,0.6343434343434343,3
2395,HR+,0.5640756302521008,3
2395,HER2+,0.9246031746031745,3
1872,HR+,0.6334110334110336,3
1872,TN,0.6262626262626263,3
2013,TN,0.6045454545454545,3
2013,HR+,0.6527777777777778,3
2013,HER2+,0.8675213675213675,3
864,TN,0.5343915343915343,3
864,HR+,0.6661324786324786,3
864,HER2+,0.8927738927738927,3
863,TN,0.5962962962962962,3
863,HR+,0.7412587412587412,3
863,HER2+,0.8946969696969697,3
665,HR+,0.5942760942760943,3
1151,TN,0.7481481481481481,3
665,HER2+,0.8859126984126983,3
499,HR+,0.5263157894736842,3
1151,HER2+,0.9761904761904763,3
1961,TN,0.49991830065359477,3
511,TN,0.6349206349206349,3
511,HR+,0.4666666666666666,3
511,HER2+,0.9166666666666666,3
1961,HR+,0.8333333333333334,3
510,HR+,0.4666666666666666,3
510,HER2+,0.9166666666666666,3
493,TN,0.623015873015873,3
493,HR+,0.5263157894736842,3
1961,HER2+,0.903030303030303,3
493,HER2+,0.9166666666666666,3
2739,HER2+,0.8956228956228957,3
2739,HR+,0.6868686868686869,3
2739,TN,0.586052836052836,3
509,TN,0.6349206349206349,3
509,HR+,0.4666666666666666,3
509,HER2+,0.9166666666666666,3
499,TN,0.623015873015873,3
499,HER2+,0.9166666666666666,3
2118,HR+,0.654040404040404,3
510,TN,0.6349206349206349,3
2417,TN,0.6273504273504273,3
2097,HR+,0.5801282051282052,3
2417,HR+,0.5849089635854342,3
2097,HER2+,0.9388888888888888,3
817,TN,0.5543345543345544,3
817,HR+,0.6003205128205128,3
2055,TN,0.5484848484848485,3
2116,HER2+,0.9803921568627452,3
2116,HR+,0.604040404040404,3
2097,TN,0.5426587301587301,3
2116,TN,0.474025974025974,3
817,HER2+,1.0,3
2118,TN,0.4978354978354978,3
2429,HR+,0.5134803921568628,3
2055,HR+,0.5897435897435898,3
2055,HER2+,0.9185185185185185,3
2012,HER2+,0.8974358974358975,3
2012,HR+,0.625,3
2012,TN,0.6314814814814814,3
2429,HER2+,0.9523809523809524,3
835,TN,0.514957264957265,3
2429,TN,0.6724386724386724,3
462,HER2+,0.8952991452991452,3
835,HR+,0.73989898989899,3
2417,HER2+,0.8412698412698413,3
462,HR+,0.7148148148148148,3
462,TN,0.5106837606837608,3
2431,TN,0.6163419913419914,4
1291,HER2+,0.8979166666666667,4
1291,HR+,0.6999805749805751,4
691,HER2+,0.8531249999999999,4
723,HER2+,0.9349358974358974,4
723,HR+,0.6212325686009896,4
723,TN,0.6880411255411256,4
691,HR+,0.6253142282554047,4
2422,TN,0.614448051948052,4
2422,HER2+,0.9434523809523809,4
2438,TN,0.6163419913419914,4
2266,HR+,0.5574945887445887,4
2266,TN,0.6494047619047619,4
2438,HR+,0.538235294117647,4
2438,HER2+,0.945054945054945,4
2266,HER2+,0.9722222222222222,4
2422,HR+,0.5555964052287582,4
402,HER2+,0.8944444444444444,4
402,HR+,0.7027947542653425,4
2182,TN,0.6222222222222222,4
546,HR+,0.6210864299099593,4
2277,TN,0.5630952380952381,4
2277,HR+,0.5530753968253967,4
2277,HER2+,0.9722222222222222,4
546,TN,0.6386904761904761,4
2431,HR+,0.538235294117647,4
411,HER2+,0.9131944444444444,4
2182,HR+,0.6397435897435897,4
411,HR+,0.676279602750191,4
411,TN,0.5285714285714286,4
501,TN,0.6109126984126985,4
501,HR+,0.4903846153846154,4
546,HER2+,0.96875,4
402,TN,0.549404761904762,4
501,HER2+,0.9375,4
1291,TN,0.5166666666666667,4
497,TN,0.5136904761904763,4
508,TN,0.6984126984126984,4
1445,TN,0.704029304029304,4
1445,HR+,0.6105567226890756,4
698,HER2+,0.8774305555555555,4
1445,HER2+,0.9434523809523809,4
464,HER2+,0.8659188034188033,4
1527,TN,0.4994047619047619,4
1527,HR+,0.7291666666666666,4
1154,HER2+,0.9404761904761905,4
1154,HR+,0.5263694638694638,4
859,HER2+,0.9147727272727273,4
1154,TN,0.6764957264957265,4
1713,HR+,0.7691964285714286,4
1713,HER2+,0.9479166666666666,4
2442,TN,0.45313852813852806,4
2442,HR+,0.7211538461538461,4
1527,HER2+,1.0,4
2165,HER2+,1.0,4
2165,HR+,0.5379370629370629,4
2165,TN,0.5208333333333333,4
2442,HER2+,0.9444444444444444,4
1713,TN,0.568154761904762,4
698,HR+,0.6600735865441747,4
698,TN,0.6205357142857143,4
859,HR+,0.7548076923076923,4
508,HR+,0.475,4
508,HER2+,0.9375,4
1409,HER2+,0.9791666666666666,4
691,TN,0.6741071428571428,4
497,HR+,0.4653846153846154,4
497,HER2+,0.9375,4
1409,HR+,0.703125,4
1409,TN,0.5281746031746031,4
2723,TN,0.6397893772893773,4
2723,HR+,0.6751855600539811,4
1071,TN,0.7212301587301587,4
2411,TN,0.6306547619047619,4
2411,HR+,0.6938492063492063,4
2411,HER2+,0.9583333333333333,4
1071,HR+,0.5095238095238095,4
1071,HER2+,0.9314393939393939,4
1167,HER2+,0.9066378066378067,4
1167,HR+,0.574009324009324,4
1167,TN,0.514520202020202,4
2723,HER2+,0.94375,4
859,TN,0.4288766788766789,4
2431,HER2+,0.945054945054945,4
2182,HER2+,0.9508928571428572,4
464,HR+,0.6831699346405228,4
2095,HR+,0.5692307692307692,4
728,HR+,0.6505941770647653,4
1955,HER2+,0.945054945054945,4
1955,HR+,0.708440170940171,4
1955,TN,0.6266233766233765,4
2081,HER2+,0.9791666666666666,4
2081,HR+,0.6913461538461538,4
2081,TN,0.6073232323232323,4
728,HER2+,0.8361111111111111,4
118,HER2+,0.9522727272727273,4
1416,TN,0.6339285714285714,4
1416,HR+,0.5527777777777778,4
737,TN,0.6761904761904762,4
737,HR+,0.6482843137254902,4
737,HER2+,0.8589743589743589,4
2060,HER2+,0.9615384615384616,4
251,HR+,0.6180361305361306,4
251,TN,0.6485042735042734,4
728,TN,0.6539502164502164,4
729,HER2+,0.8034188034188035,4
197,TN,0.44017094017094016,4
197,HR+,0.5804487179487179,4
2060,HR+,0.5205516705516706,4
2060,TN,0.6255952380952381,4
729,TN,0.6122835497835498,4
2121,TN,0.5955086580086579,4
2121,HR+,0.6369047619047619,4
2121,HER2+,0.9522727272727273,4
197,HER2+,0.9015873015873017,4
729,HR+,0.6581699346405229,4
2059,HER2+,0.9161616161616162,4
2050,HR+,0.6483173076923077,4
1076,HER2+,0.8837301587301587,4
1076,HR+,0.7696428571428571,4
1076,TN,0.6825396825396824,4
2168,HR+,0.861111111111111,4
2168,TN,0.4895833333333333,4
2050,TN,0.578030303030303,4
2095,HER2+,0.9599358974358975,4
2095,TN,0.6726190476190476,4
2168,HER2+,0.9615384615384616,4
464,TN,0.5615842490842492,4
251,HER2+,0.8953373015873016,4
2051,TN,0.5363636363636364,4
2209,HER2+,0.9807692307692308,4
2416,HR+,0.5553483893557424,4
2416,TN,0.6133699633699633,4
2416,HER2+,0.8809523809523809,4
2050,HER2+,0.9161616161616162,4
2059,HR+,0.6483173076923077,4
2051,HR+,0.6423076923076922,4
2059,TN,0.578030303030303,4
2051,HER2+,0.9161616161616162,4
492,TN,0.6755952380952381,4
2209,HR+,0.48835784313725483,4
2054,HR+,0.6423076923076922,4
2054,HER2+,0.9161616161616162,4
492,HR+,0.5263157894736842,4
2054,TN,0.5363636363636364,4
118,TN,0.630275974025974,4
2057,HER2+,0.9161616161616162,4
492,HER2+,0.9097222222222222,4
1081,TN,0.6558035714285714,4
1081,HR+,0.63125,4
2057,HR+,0.6423076923076922,4
1081,HER2+,0.8777777777777778,4
2057,TN,0.5363636363636364,4
1416,HER2+,0.9209001782531193,4
118,HR+,0.6041666666666667,4
2209,TN,0.5609848484848485,4
1787,HR+,0.7468864468864468,5
1787,HER2+,0.8604545454545454,5
1216,TN,0.6546037296037297,5
1217,HR+,0.6599844599844599,5
1217,TN,0.6546037296037297,5
1787,TN,0.5700854700854701,5
16,HER2+,0.9583333333333333,5
1121,TN,0.727857142857143,5
1122,HER2+,0.9218181818181819,5
1217,HER2+,0.9195604395604395,5
2041,TN,0.5957575757575757,5
1121,HER2+,0.9218181818181819,5
1216,HER2+,0.9195604395604395,5
1216,HR+,0.6599844599844599,5
16,HR+,0.6951515151515151,5
16,TN,0.5322077922077921,5
2041,HR+,0.5369343891402715,5
2722,TN,0.5292207792207793,5
2042,HER2+,0.9225396825396824,5
2042,HR+,0.5369343891402715,5
2042,TN,0.5957575757575757,5
2048,TN,0.5624242424242424,5
2041,HER2+,0.9225396825396824,5
2048,HR+,0.6263461538461538,5
2048,HER2+,0.9329292929292929,5
1121,HR+,0.6901923076923077,5
2415,HER2+,0.9833333333333332,5
2754,TN,0.5794444444444445,5
2415,TN,0.6411904761904762,5
420,HR+,0.6833766233766234,5
420,HER2+,0.9349999999999999,5
1182,TN,0.605,5
1775,HER2+,0.9527777777777778,5
1775,HR+,0.7501748251748251,5
1775,TN,0.5855821371610845,5
1220,HER2+,0.9171794871794872,5
1900,HER2+,0.9136507936507936,5
1900,HR+,0.7208438620203326,5
420,TN,0.5166666666666667,5
1900,TN,0.5228571428571429,5
1122,TN,0.727857142857143,5
1290,HER2+,0.9183333333333333,5
1290,HR+,0.7155400155400156,5
1290,TN,0.5671794871794872,5
1220,TN,0.6462703962703963,5
2754,HER2+,0.9690476190476189,5
2754,HR+,0.7955555555555556,5
682,TN,0.5273504273504275,5
682,HR+,0.6062937062937064,5
1220,HR+,0.6700854700854701,5
2415,HR+,0.6053571428571429,5
1182,HR+,0.5891774891774891,5
1424,HER2+,0.9014285714285715,5
2722,HR+,0.6571678321678321,5
1120,TN,0.7183333333333333,5
1120,HR+,0.6401923076923077,5
1120,HER2+,0.8932467532467532,5
2722,HER2+,0.9777777777777779,5
696,HER2+,0.8876587301587302,5
696,HR+,0.6735134146898852,5
696,TN,0.5853174603174602,5
211,TN,0.6334554334554335,5
1182,HER2+,0.8259090909090908,5
211,HR+,0.6239393939393938,5
682,HER2+,0.884047619047619,5
506,HER2+,0.9277777777777778,5
506,HR+,0.471764705882353,5
506,TN,0.7884920634920635,5
418,TN,0.5395238095238095,5
418,HR+,0.7076903488668195,5
418,HER2+,0.8905555555555555,5
1424,TN,0.6042857142857143,5
1424,HR+,0.44487394957983195,5
211,HER2+,0.8855006105006105,5
1122,HR+,0.6901923076923077,5
2420,HER2+,0.9297619047619048,5
1102,HER2+,0.9232517482517484,5
1887,HR+,0.6657976827094474,5
1887,TN,0.6891774891774892,5
1294,TN,0.6247985347985349,5
1294,HR+,0.6411965811965812,5
265,HER2+,0.8371428571428572,5
265,TN,0.47444444444444445,5
1294,HER2+,0.9457142857142857,5
1104,HER2+,0.935064935064935,5
1104,HR+,0.5565934065934066,5
1102,HR+,0.603073593073593,5
2259,HER2+,1.0,5
2259,HR+,0.5576282051282051,5
2259,TN,0.655,5
1104,TN,0.5942857142857142,5
1888,TN,0.5996536796536797,5
1888,HR+,0.5059841628959276,5
1888,HER2+,0.9846153846153847,5
2112,HER2+,0.9882352941176471,5
2112,HR+,0.6141176470588235,5
265,HR+,0.7396336996336996,5
1887,HER2+,0.9636363636363636,5
215,HER2+,0.8797863247863248,5
1102,TN,0.6647402597402599,5
215,HR+,0.583939393939394,5
215,TN,0.589010989010989,5
1172,TN,0.5179398379398379,5
2112,TN,0.44801587301587303,5
1172,HER2+,0.8993506493506495,5
2420,TN,0.6394139194139192,5
1172,HR+,0.6352272727272726,5
2435,HER2+,0.956043956043956,5
2435,HR+,0.5472549019607843,5
2435,TN,0.5375180375180375,5
2420,HR+,0.5192787114845938,5
2410,TN,0.6259523809523809,5
2410,HR+,0.6468742368742368,5
2410,HER2+,0.9666666666666666,5
808,HR+,0.6984286546786547,6
2264,TN,0.5755772005772006,6
2264,HR+,0.5497766122766122,6
2264,HER2+,0.9743589743589745,6
2141,TN,0.5102813852813853,6
812,HER2+,0.9848484848484849,6
812,HR+,0.7322420634920634,6
812,TN,0.6555342805342805,6
809,HER2+,0.9291666666666667,6
809,HR+,0.6984286546786547,6
1178,HER2+,0.9394841269841271,6
2265,HER2+,0.9814814814814815,6
719,HR+,0.651310495060495,6
809,TN,0.5938339438339438,6
808,HER2+,0.9291666666666667,6
808,TN,0.5938339438339438,6
2265,HR+,0.5639707514707514,6
405,HER2+,0.9125,6
2141,HR+,0.56370073281838,6
667,TN,0.6614824989824991,6
667,HR+,0.5913688163688163,6
667,HER2+,0.920734126984127,6
182,HER2+,0.9346764346764346,6
182,HR+,0.7639971139971139,6
182,TN,0.6350108225108225,6
741,HER2+,0.8948717948717948,6
914,HER2+,0.880982905982906,6
741,HR+,0.664561337355455,6
232,TN,0.506980056980057,6
232,HR+,0.6107420357420357,6
232,HER2+,0.8965710215710216,6
1974,HER2+,0.9610389610389611,6
245,HER2+,0.9125642875642876,6
245,HR+,0.6875,6
245,TN,0.6287037037037037,6
741,TN,0.6769841269841269,6
2265,TN,0.6996031746031747,6
914,HR+,0.5847002262443438,6
1893,TN,0.6436507936507936,6
2141,HER2+,0.93125,6
719,TN,0.6173789173789174,6
1072,TN,0.6053240740740741,6
1072,HR+,0.628373015873016,6
405,TN,0.5091269841269841,6
405,HR+,0.6773152773152772,6
1178,HR+,0.5920454545454547,6
914,TN,0.623015873015873,6
404,TN,0.5091269841269841,6
404,HER2+,0.9125,6
1072,HER2+,0.9277056277056278,6
861,TN,0.504941354941355,6
861,HR+,0.7247960372960373,6
861,HER2+,0.9265151515151514,6
1893,HER2+,0.9576923076923077,6
1893,HR+,0.607672311348782,6
404,HR+,0.6773152773152772,6
1905,TN,0.6326719576719577,6
1905,HR+,0.7283119658119658,6
1905,HER2+,0.9231481481481483,6
2765,TN,0.6128787878787878,6
1974,TN,0.6487012987012987,6
270,HER2+,0.904583842083842,6
2038,HER2+,0.9581390831390831,6
2038,HR+,0.6463675213675214,6
2038,TN,0.591005291005291,6
2197,HER2+,0.9513888888888888,6
2197,HR+,0.5658496732026144,6
270,HR+,0.7255439005439005,6
270,TN,0.5337250712250713,6
2197,TN,0.5078282828282829,6
1054,HER2+,0.9409722222222223,6
2765,HR+,0.5877039627039627,6
1054,HR+,0.5736531986531986,6
1124,TN,0.7109848484848484,6
1124,HR+,0.647868104118104,6
1124,HER2+,0.8677188552188553,6
2629,TN,0.6771825396825396,6
599,HER2+,0.8523569023569024,6
599,HR+,0.6575179314149904,6
599,TN,0.5746031746031747,6
603,HER2+,0.8577140452140452,6
603,HR+,0.5680730625583567,6
2629,HR+,0.5924048174048173,6
2629,HER2+,0.9173881673881675,6
603,TN,0.6218253968253968,6
1054,TN,0.5806623931623932,6
2765,HER2+,0.9694444444444444,6
1974,HR+,0.7434944684944685,6
1422,HR+,0.5324434824434824,6
680,TN,0.5436253561253562,6
1184,TN,0.6210978835978835,6
1184,HR+,0.5933441558441559,6
1422,TN,0.6007936507936508,6
1165,HER2+,0.8586339586339586,6
1165,HR+,0.5932955932955933,6
1422,HER2+,0.902136752136752,6
1184,HER2+,0.9339285714285714,6
680,HR+,0.5978373478373479,6
680,HER2+,0.872123015873016,6
719,HER2+,0.8817340067340068,6
1165,TN,0.5532407407407408,6
1178,TN,0.5938251563251563,6
186,HR+,0.6466826823969681,7
2436,TN,0.5347351061636776,7
186,HER2+,0.9149331061095768,7
234,HER2+,0.9113465899180185,7
2393,HR+,0.5633298774055077,7
2436,HR+,0.576610644257703,7
234,HR+,0.6306360306360306,7
1011,HER2+,0.8952380952380953,7
1978,HR+,0.6714285714285714,7
2393,HER2+,0.9295918367346939,7
186,TN,0.6078334364048649,7
2065,HER2+,0.9301143301143301,7
2436,HER2+,0.9405416012558871,7
2065,HR+,0.6557234432234432,7
212,HER2+,0.9039290075004361,7
212,HR+,0.5940226440226439,7
212,TN,0.5477062619919763,7
234,TN,0.5297924297924298,7
2065,TN,0.5262094630515682,7
1978,HER2+,0.9376984126984127,7
1978,TN,0.6004317111459969,7
2393,TN,0.5835961657390228,7
1979,HR+,0.6210084033613447,7
233,TN,0.5290598290598291,7
1011,HR+,0.6550814265099979,7
1011,TN,0.6568598068598069,7
1423,HER2+,0.9034013605442176,7
747,HER2+,0.9206477462779984,7
747,HR+,0.7085757379875027,7
747,TN,0.5366419294990724,7
2053,TN,0.5244422244422244,7
2053,HR+,0.6002830502830504,7
1423,HR+,0.5572792287078001,7
1423,TN,0.590057561486133,7
2432,TN,0.5542362399505256,7
2432,HR+,0.5582792207792208,7
2432,HER2+,0.9661172161172161,7
2515,HR+,0.6395318966747539,7
2515,TN,0.6940476190476189,7
694,TN,0.598051948051948,7
694,HR+,0.6350553986776897,7
694,HER2+,0.9285714285714286,7
2144,TN,0.42983920841063694,7
2144,HR+,0.5245310245310245,7
1979,HER2+,0.9484126984126985,7
2144,HER2+,0.9345238095238095,7
233,HER2+,0.9281076066790354,7
233,HR+,0.6380286380286381,7
2053,HER2+,0.9163780663780664,7
1979,TN,0.6153976975405547,7
2515,HER2+,0.9474489795918367,7
2210,HR+,0.5410937102113572,7
1954,HR+,0.7338272838272838,7
2094,TN,0.6571101517530088,7
2094,HR+,0.6685286935286935,7
2094,HER2+,0.920879120879121,7
2198,HER2+,0.9652014652014653,7
2198,HR+,0.5559930265812618,7
399,TN,0.5812925170068027,7
399,HR+,0.6976897985301347,7
1049,HER2+,0.8903235653235654,7
1954,HER2+,0.9400313971742544,7
1175,TN,0.5947072768501339,7
1175,HR+,0.6146103896103895,7
1175,HER2+,0.9221552257266544,7
814,TN,0.6102992245849388,7
814,HR+,0.6722462061747777,7
814,HER2+,0.9527472527472528,7
815,TN,0.6102992245849388,7
2198,TN,0.5608225108225108,7
1049,HR+,0.5826983240848786,7
1049,TN,0.6472763347763347,7
1046,HER2+,0.9315476190476192,7
256,HER2+,0.850907029478458,7
256,HR+,0.6473692973692974,7
256,TN,0.5419239490668062,7
1904,HER2+,0.9468253968253969,7
1904,HR+,0.6172295841413488,7
1904,TN,0.6915326736755308,7
2200,TN,0.5703463203463203,7
2200,HR+,0.5624865330747684,7
2200,HER2+,0.9652014652014653,7
40,TN,0.6638567781424924,7
40,HR+,0.5775638577109165,7
40,HER2+,0.9062306740878169,7
1166,TN,0.5615440115440116,7
1166,HR+,0.634049284049284,7
1166,HER2+,0.8809936095650382,7
1046,TN,0.5981756338899196,7
1046,HR+,0.5317717996289425,7
815,HR+,0.6722462061747777,7
815,HER2+,0.9527472527472528,7
399,HER2+,0.9468253968253969,7
2749,HR+,0.7624845392702536,7
207,TN,0.5695887445887446,7
207,HR+,0.6549712192569335,7
243,TN,0.5765262515262516,7
2748,HER2+,0.9244227994227995,7
2210,TN,0.5884199134199134,7
2210,HER2+,0.9711538461538461,7
207,HER2+,0.9036860198624905,7
1083,HER2+,0.9200854700854701,7
2749,TN,0.5735665128522272,7
1083,TN,0.6005385487528344,7
1083,HR+,0.581547619047619,7
2749,HER2+,0.9561688311688312,7
2748,TN,0.5484487734487735,7
243,HR+,0.67220041862899,7
243,HER2+,0.8383307169021454,7
1954,TN,0.5437847866419295,7
2748,HR+,0.765460729746444,7
1181,HER2+,0.857711038961039,8
1181,HR+,0.5899506743256744,8
2752,HER2+,0.9070391414141414,8
235,TN,0.5052350427350427,8
669,TN,0.6914491758241759,8
693,HER2+,0.8935876113265819,8
669,HR+,0.5760457185573286,8
1181,TN,0.6218063186813186,8
669,HER2+,0.9272569444444444,8
2114,HER2+,0.9830316742081449,8
2114,HR+,0.6169966063348415,8
1741,TN,0.651722582972583,8
1741,HR+,0.5928212412587412,8
1741,HER2+,0.9506944444444444,8
2114,TN,0.6035579004329005,8
2111,HER2+,0.984375,8
2111,HR+,0.6067401960784314,8
2111,TN,0.4907699938949939,8
463,HER2+,0.8607371794871794,8
463,HR+,0.6637303464509348,8
463,TN,0.5858516483516484,8
2129,TN,0.5081168831168832,8
2129,HR+,0.6541340603840604,8
2752,HR+,0.7512440582293524,8
2128,TN,0.5081168831168832,8
1596,HER2+,0.9070002913752915,8
693,TN,0.49320436507936505,8
1962,HR+,0.7221688034188034,8
1962,HER2+,0.9198863636363637,8
1086,TN,0.5877998737373737,8
692,HER2+,0.8658098335488043,8
692,HR+,0.6528086292792176,8
860,HER2+,0.9292613636363636,8
860,HR+,0.7310970279720279,8
860,TN,0.5210671273171273,8
692,TN,0.5324900793650793,8
1086,HR+,0.5911571067821069,8
1086,HER2+,0.8910917207792208,8
2129,HER2+,0.9145063474107591,8
2260,TN,0.6614583333333333,8
2260,HER2+,1.0,8
679,HER2+,0.8669127747252747,8
679,HR+,0.6278651903651904,8
679,TN,0.5118856837606838,8
2058,HER2+,0.9175085331335331,8
2058,HR+,0.6673812298812298,8
235,HER2+,0.9099282661782662,8
235,HR+,0.6143065268065269,8
2752,TN,0.5865395021645021,8
693,HR+,0.6369715252068193,8
2058,TN,0.5165657259407259,8
2128,HER2+,0.9145063474107591,8
2128,HR+,0.6541340603840604,8
2260,HR+,0.5921073717948718,8
1596,HR+,0.7122835497835498,8
1962,TN,0.5132269385026738,8
1056,HR+,0.6000315656565656,8
1056,TN,0.5810933857808858,8
1055,HER2+,0.9432291666666667,8
1953,TN,0.5508116883116883,8
1953,HR+,0.7254322066822066,8
1055,HR+,0.6000315656565656,8
1055,TN,0.5810933857808858,8
2263,HER2+,0.9747474747474747,8
2263,HR+,0.5371256194785606,8
2263,TN,0.6802083333333333,8
1953,HER2+,0.9361638361638362,8
179,HER2+,0.9083212131006249,8
179,HR+,0.7367340992340993,8
179,TN,0.58364898989899,8
2133,HER2+,0.9037405303030303,8
2133,TN,0.5053436147186148,8
1596,TN,0.5388888888888889,8
2133,HR+,0.5457702020202021,8
386,HER2+,0.8872996794871795,8
386,HR+,0.6669139683845566,8
386,TN,0.5641369047619048,8
1056,HER2+,0.9432291666666667,8
180,TN,0.656365239698573,9
180,HR+,0.7127451252451252,9
250,HR+,0.6879823879823879,9
250,HER2+,0.9189153439153439,9
548,HER2+,0.8976258309591643,9
2201,TN,0.5891935225268559,9
1971,TN,0.47347565288741755,9
548,HR+,0.7037508787508787,9
1185,TN,0.6473985890652557,9
1185,HR+,0.5932479557479557,9
548,TN,0.5987481329586593,9
385,HER2+,0.8563314771648104,9
1185,HER2+,0.9034271284271286,9
2201,HR+,0.5846391263057931,9
2004,TN,0.6459756293089627,9
385,HR+,0.6283642589112146,9
2004,HR+,0.6367683242683243,9
2004,HER2+,0.9628334628334628,9
2201,HER2+,0.948944573944574,9
385,TN,0.5986772486772487,9
180,HER2+,0.944148770619359,9
2052,HR+,0.6007899507899508,9
2052,TN,0.49431926098592766,9
1971,HER2+,0.9212509712509712,9
2150,HR+,0.5301907968574634,9
2015,TN,0.5194163860830527,9
2015,HR+,0.63164767331434,9
2015,HER2+,0.9202279202279201,9
1219,TN,0.6028943278943278,9
1219,HR+,0.6463317546650881,9
1219,HER2+,0.9367928367928369,9
2150,TN,0.4943722943722944,9
2034,TN,0.5547779381112714,9
2034,HR+,0.6022079772079773,9
2034,HER2+,0.927933177933178,9
2150,HER2+,0.9319800569800569,9
2147,HER2+,0.9583333333333334,9
2040,TN,0.5971059804393138,9
2147,TN,0.4513227513227513,9
2040,HR+,0.6114672364672366,9
2040,HER2+,0.9120601620601622,9
2290,HER2+,0.9679962013295346,9
2290,HR+,0.6034086284086285,9
2290,TN,0.7382154882154883,9
2052,HER2+,0.9349607182940516,9
250,TN,0.6467558675892009,9
1180,HER2+,0.8581770081770083,9
1180,HR+,0.6194943944943945,9
1180,TN,0.5950287366954033,9
1971,HR+,0.7014423847757181,9
2147,HR+,0.5948631615298282,9
2223,TN,0.5346320346320346,10
2224,HER2+,0.9923076923076923,10
2224,HR+,0.5313461538461539,10
181,TN,0.5835705960705961,10
183,HER2+,0.9329487179487179,10
183,HR+,0.625880785880786,10
183,TN,0.5475641025641025,10
2100,TN,0.5622546897546897,10
181,HR+,0.6905777555777557,10
2100,HER2+,0.975,10
181,HER2+,0.9328296703296705,10
2224,TN,0.5346320346320346,10
2100,HR+,0.6254166666666667,10
813,HER2+,0.9344230769230769,10
2140,HR+,0.5656060606060607,10
724,HR+,0.6109805244634966,10
724,HER2+,0.9181196581196582,10
766,HER2+,0.9217113442113443,10
766,HR+,0.6854545454545454,10
766,TN,0.7137920412920413,10
2110,HER2+,0.9839743589743589,10
2110,HR+,0.5919306184012066,10
2143,TN,0.4745959595959596,10
2110,TN,0.5736766011766012,10
2064,HR+,0.6357109557109558,10
2064,TN,0.5227910685805421,10
2033,HER2+,0.9177156177156176,10
2033,HR+,0.6351495726495726,10
2033,TN,0.5411904761904761,10
1972,TN,0.5011280875986758,10
1972,HR+,0.6928366078366078,10
2064,HER2+,0.9573737373737373,10
2140,HER2+,0.9334090909090909,10
2143,HR+,0.5483363042186571,10
724,TN,0.6167604617604617,10
2140,TN,0.4289610389610389,10
2223,HR+,0.5313461538461539,10
2223,HER2+,0.9923076923076923,10
813,HR+,0.7735443722943723,10
813,TN,0.6097094572094571,10
2204,TN,0.5692424242424242,10
2204,HR+,0.55336178527355,10
2143,HER2+,0.95625,10
2204,HER2+,0.9665501165501166,10
1897,HR+,0.6178266831208007,10
1897,HER2+,0.9398931623931623,10
1899,TN,0.6373404373404373,10
1899,HER2+,0.9177777777777777,10
2262,TN,0.6290476190476191,10
2262,HR+,0.5658040652158299,10
2262,HER2+,0.9797979797979798,10
1897,TN,0.6701659451659452,10
1899,HR+,0.5927917180858358,10
1972,HER2+,0.9207925407925407,10
1103,HR+,0.5787296037296038,10
681,HR+,0.6206254856254857,10
681,HER2+,0.8751968864468864,10
2035,HR+,0.6197649572649573,10
2035,TN,0.5629365079365078,10
720,TN,0.6318414918414919,10
720,HR+,0.5989822677322676,10
720,HER2+,0.9088383838383839,10
681,TN,0.4789529914529914,10
2035,HER2+,0.9274475524475525,10
1103,HER2+,0.9295745920745923,10
1103,TN,0.5663636363636364,10
2750,HER2+,0.9428145087235996,11
1130,TN,0.7255542437360619,11
1882,HER2+,0.939035459490005,11
470,HER2+,0.9024793388429753,11
1882,HR+,0.6543568804932441,11
1882,TN,0.6611464293282475,11
1130,HR+,0.5937564230028345,11
2145,HER2+,0.9583333333333333,11
2146,HR+,0.5480851293685519,11
2145,TN,0.445159386068477,11
2146,HER2+,0.9583333333333333,11
2014,HER2+,0.9277389277389276,11
2146,TN,0.45755608028335304,11
246,TN,0.6232438016528925,11
246,HR+,0.7030893349075167,11
246,HER2+,0.9252220002220003,11
2751,HR+,0.7189903456614687,11
248,HER2+,0.9401015651015652,11
248,HR+,0.6748675566857385,11
248,TN,0.5683195592286502,11
2751,HER2+,0.9110861360861361,11
2020,HER2+,0.9341491841491841,11
2145,HR+,0.5192972505806731,11
2014,HR+,0.6420551670551671,11
2020,HR+,0.659784029102211,11
2046,TN,0.5760101010101009,11
470,TN,0.5589072543617998,11
470,HR+,0.6855359294987778,11
2762,TN,0.6542371769644497,11
2762,HR+,0.6168340052698341,11
2762,HER2+,0.9673871582962493,11
1009,TN,0.5459908512540091,11
1009,HR+,0.6227290089589556,11
2014,TN,0.5434343434343435,11
2046,HR+,0.6366735537190084,11
2046,HER2+,0.9478400387491296,11
2750,TN,0.6011970352879443,11
2751,TN,0.6165781188508461,11
1130,HER2+,0.920649678604224,11
1088,HER2+,0.9118584698130152,11
1088,HR+,0.6512527876164239,11
1088,TN,0.7146309498582225,11
1009,HER2+,0.9141709300800209,11
2750,HR+,0.6887814139608398,11
2020,TN,0.5665501165501166,11
2217,TN,0.6465504403004403,12
2380,HER2+,0.9233197358197357,12
261,TN,0.6939898064898063,12
261,HR+,0.604477466977467,12
1131,HR+,0.6192767210859316,12
261,HER2+,0.8805296555296556,12
266,HER2+,0.9080738705738706,12
1131,HER2+,0.9272622053872054,12
1131,TN,0.718121693121693,12
739,HER2+,0.8918734043734045,12
2205,HER2+,0.9617084304584305,12
746,HR+,0.6153255241490535,12
2101,TN,0.49601070226070226,12
2101,HR+,0.6499732905982906,12
2101,HER2+,0.9645424836601308,12
2205,HR+,0.5658585287261758,12
683,HER2+,0.8985615079365079,12
683,HR+,0.6769101269101269,12
668,HER2+,0.9379764911014911,12
668,HR+,0.5863032063109462,12
668,TN,0.6542531542531543,12
2217,HR+,0.5758101851851852,12
683,TN,0.5178774928774929,12
247,TN,0.5759740259740259,12
247,HR+,0.6885586635586636,12
247,HER2+,0.9271006771006771,12
2380,TN,0.6052211677211677,12
2380,HR+,0.6408605283605284,12
746,HER2+,0.9110163801340273,12
746,TN,0.521003805562629,12
739,HR+,0.6787315496680821,12
2217,HER2+,0.8921016483516483,12
2109,HER2+,0.9649949723479135,12
2029,TN,0.5522005772005771,12
2028,HER2+,0.9288003663003663,12
2028,HR+,0.6516203703703705,12
2028,TN,0.5383116883116883,12
2211,HER2+,0.9617084304584305,12
2211,HR+,0.5570555669820376,12
2211,TN,0.5271284271284272,12
2029,HR+,0.6516203703703705,12
2109,HR+,0.6267716488304725,12
2043,HER2+,0.9437597261126673,12
2043,HR+,0.590432341351459,12
2043,TN,0.5779461279461279,12
2016,HER2+,0.9273504273504273,12
2016,HR+,0.6542913105413105,12
2016,TN,0.5297138047138047,12
739,TN,0.5812259499759499,12
2109,TN,0.6206259018759018,12
2029,HER2+,0.9223901098901099,12
2205,TN,0.5577020202020202,12
2056,HR+,0.6747507122507123,12
266,TN,0.5524704462204463,12
266,HR+,0.6498737373737374,12
2125,HR+,0.625209743959744,12
2056,TN,0.5183159189738137,12
2125,TN,0.6194895382395382,12
2056,HER2+,0.9488166925666924,12
2125,HER2+,0.9193931204960618,12
38,HR+,0.6219139834524449,13
695,HER2+,0.8958492173989913,13
2039,HER2+,0.9197981505673811,13
2039,HR+,0.6202333990795529,13
2039,TN,0.5683150183150183,13
2049,HR+,0.5914782615574471,13
2049,HER2+,0.926093351093351,13
764,HER2+,0.910864135864136,13
1053,TN,0.5916225868148947,13
1078,TN,0.6521978021978021,13
1053,HER2+,0.9564760026298488,13
1053,HR+,0.5972640607255992,13
38,HER2+,0.9219263642340566,13
764,TN,0.561821084898008,13
764,HR+,0.7050168785462904,13
1078,HR+,0.5593253968253968,13
695,TN,0.5788017538017538,13
695,HR+,0.7002524122433624,13
1078,HER2+,0.9367188367188367,13
1125,TN,0.672721082336467,13
1179,TN,0.5885913232067078,13
1125,HER2+,0.9172688422688423,13
1179,HR+,0.6074521632213941,13
1179,HER2+,0.894122544122544,13
38,TN,0.5789133718283515,13
1125,HR+,0.6514136504521121,13
677,HR+,0.6181374630767343,13
677,HER2+,0.9058829744915718,13
1132,TN,0.6949328449328449,13
1132,HR+,0.5769535401620421,13
1132,HER2+,0.9178105014643475,13
677,TN,0.5059406405560252,13
2049,TN,0.5217082063235909,13
732,TN,0.5945423623995053,14
732,HR+,0.6172267164748367,14
1077,HER2+,0.9412389198103484,14
1077,HR+,0.5622307256235828,14
1077,TN,0.6413265306122449,14
676,HER2+,0.9306044853838973,14
676,HR+,0.5657761248899019,14
676,TN,0.6119505494505495,14
670,HER2+,0.9258775946275948,14
1170,TN,0.6025526061240346,14
1170,HR+,0.5963254007896864,14
263,HER2+,0.9242073402787688,14
263,HR+,0.5808358308358308,14
263,TN,0.6682559503988076,14
2113,HER2+,0.9629839115133233,14
2113,HR+,0.5991557462145698,14
2113,TN,0.5872474747474747,14
2194,TN,0.5201298701298701,14
732,HER2+,0.9076268969126113,14
2194,HR+,0.5561218193571135,14
2720,TN,0.5787724180581323,14
2720,HR+,0.654774986917844,14
2720,HER2+,0.9247345908060194,14
1170,HER2+,0.8855236033807462,14
1070,HR+,0.5878237833594976,14
1070,TN,0.7004883013811585,14
670,TN,0.627256671899529,14
2194,HER2+,0.9587842712842713,14
670,HR+,0.5748670339808111,14
1070,HER2+,0.9327612863327149,14
1884,HR+,0.6802676490176489,14
1884,TN,0.6028619980687651,14
1884,HER2+,0.9520657913515056,14
744,HER2+,0.9183170704179109,14
733,TN,0.6287827252112966,14
733,HR+,0.6213583691359011,14
744,TN,0.5650535971964543,14
745,HER2+,0.9183170704179109,14
745,HR+,0.6674164071222896,14
745,TN,0.5650535971964543,14
733,HER2+,0.8949808128379558,14
744,HR+,0.6674164071222896,14
726,TN,0.5969071669071669,15
1950,HR+,0.7068486143486142,15
726,HR+,0.5856025249833299,15
2102,TN,0.5620887445887445,15
190,HER2+,0.8888128538128538,15
190,HR+,0.6192773892773892,15
1087,TN,0.656486938986939,15
1087,HR+,0.6138674288674288,15
1087,HER2+,0.9033763458763459,15
2102,HR+,0.673648296148296,15
1052,TN,0.6012658637658638,15
190,TN,0.5626088726088726,15
1052,HR+,0.615465922965923,15
1218,TN,0.6167365967365969,15
1218,HR+,0.6411122600596285,15
1218,HER2+,0.9537423687423687,15
2102,HER2+,0.9424420024420025,15
1069,TN,0.723461445961446,15
1069,HR+,0.5842937944408533,15
1069,HER2+,0.9515824915824916,15
1052,HER2+,0.9176390385213915,15
1950,TN,0.5426435002905592,15
1950,HER2+,0.9356277056277056,15
2149,TN,0.5972053872053872,15
909,HER2+,0.8665186665186667,15
2031,HER2+,0.916855366855367,15
2126,TN,0.5619047619047619,15
909,HR+,0.5881982723159194,15
2149,HER2+,0.9508547008547008,15
2149,HR+,0.6096896023366613,15
2031,TN,0.6022823472823473,15
2031,HR+,0.6807331557331556,15
909,TN,0.6110780885780885,15
2126,HR+,0.6381980981980981,15
2126,HER2+,0.9294538903362433,15
726,HER2+,0.9121367521367524,15
2203,HR+,0.5512949774898305,16
2202,HER2+,0.957144418081918,16
1168,HER2+,0.8747724497724497,16
2203,HER2+,0.9514625999000998,16
2123,TN,0.6045048701298701,16
2291,HR+,0.6023647920706744,16
2203,TN,0.5430933649683649,16
2291,HER2+,0.9771901709401709,16
2202,HR+,0.5531332127839481,16
2018,TN,0.5424242424242425,16
2018,HR+,0.6533787393162394,16
2018,HER2+,0.9341491841491842,16
1168,HR+,0.6379563145188145,16
2291,TN,0.6578466672216672,16
1174,HER2+,0.8858377733377734,16
2099,HR+,0.6745392628205128,16
1174,TN,0.5289052960927961,16
2195,HR+,0.5516047065679419,16
2195,HER2+,0.9527373667998669,16
2073,HR+,0.6471039377289378,16
2073,HER2+,0.9407819712966772,16
1174,HR+,0.6003588425463425,16
1168,TN,0.5291342338217337,16
2195,TN,0.5286408036408037,16
998,TN,0.6182208416583417,16
2027,TN,0.5535917207792207,16
2027,HR+,0.657100018037518,16
2027,HER2+,0.9062593656343656,16
998,HR+,0.633685325091575,16
998,HER2+,0.9478896103896104,16
2099,TN,0.5381042568542569,16
2099,HER2+,0.9605113636363637,16
2123,HR+,0.5942180572695278,16
2202,TN,0.5378850316350317,16
2123,HER2+,0.9468082264957265,16
2073,TN,0.5996599571846282,16
1127,TN,0.6642520877814996,17
258,TN,0.519372131136837,17
1968,HER2+,0.92584180525357,17
1045,HER2+,0.897690136660725,17
1045,HR+,0.5440636161224396,17
1045,TN,0.6109331844625963,17
1968,HR+,0.6969483947425124,17
1968,TN,0.5632582575056623,17
2036,TN,0.5613272348566465,17
2036,HR+,0.64888637890368,17
2164,HER2+,0.9643608025960968,17
2164,HR+,0.5642020609148636,17
2164,TN,0.536296056884292,17
2036,HER2+,0.92536385183444,17
258,HR+,0.6409715284715285,17
378,TN,0.6068558892088304,17
258,HER2+,0.8734803931170713,17
378,HR+,0.6391141538200362,17
378,HER2+,0.9263246077259919,17
2214,TN,0.5699256625727214,17
1126,TN,0.6638441623735742,17
1949,HER2+,0.9240387063916475,17
2625,HR+,0.6208884510742096,17
2625,HER2+,0.9298172415819475,17
1951,TN,0.5381359125303762,17
1949,HR+,0.7122053599994775,17
1949,TN,0.5521415147712725,17
2625,TN,0.6011246923011629,17
1126,HR+,0.6424416270004505,17
2214,HR+,0.5305114008697144,17
2214,HER2+,0.9893048128342247,17
1951,HER2+,0.9195138195138195,17
185,TN,0.5417260843731432,17
1127,HER2+,0.9248943050413638,17
1951,HR+,0.7099429165605636,17
1127,HR+,0.6120850898327679,17
185,HER2+,0.920136898856622,17
185,HR+,0.6556286850404497,17
1126,HER2+,0.9209786945081063,17
2151,HR+,0.6265728099061431,18
2292,TN,0.6682141932141932,18
2292,HER2+,0.9607852024518692,18
2151,TN,0.5217947013999645,18
1903,HR+,0.6271558234793528,18
1903,HER2+,0.9258665716999049,18
2148,HER2+,0.9534900284900285,18
1903,TN,0.6419147210813878,18
2148,TN,0.5450256533589868,18
2292,HR+,0.5976046828988005,18
2148,HR+,0.5790623229348719,18
2151,HER2+,0.9621913580246912,18
2207,TN,0.550540663040663,18
2032,TN,0.5652847152847152,18
2032,HR+,0.6604107312440646,18
2207,HR+,0.5507021573198043,18
2207,HER2+,0.9619061494061493,18
2206,TN,0.5459110334110334,18
2206,HER2+,0.9563505938505938,18
2032,HER2+,0.9284789284789284,18
2206,HR+,0.5477560293736763,18
2764,TN,0.5945231515176114,19
2379,TN,0.5988778765094555,19
2764,HER2+,0.9489974937343357,19
262,TN,0.6938117438117438,19
262,HR+,0.6033186112133481,19
1037,HR+,0.6394008296485076,19
2379,HR+,0.6252057153372942,19
262,HER2+,0.8955148652517074,19
1084,TN,0.6053529073265915,19
1084,HR+,0.5810606833826648,19
1084,HER2+,0.9066924303766409,19
1848,HER2+,0.9282187197047879,19
2017,TN,0.573839610681716,19
2017,HR+,0.6747996155890893,19
2017,HER2+,0.9427524230155807,19
1037,HER2+,0.9402657284236231,19
2379,HER2+,0.9048436943173785,19
1848,TN,0.6417634996582365,19
2047,HER2+,0.9360575097417203,19
2218,HR+,0.6176369303120972,19
2218,TN,0.6797553323869113,19
1848,HR+,0.6234976281028912,19
743,TN,0.5801164006272366,19
1037,TN,0.6543741346372924,19
2212,TN,0.5477894912105439,19
2047,TN,0.5995744022059812,19
2047,HR+,0.6043283728655245,19
743,HER2+,0.9312684907112152,19
2764,HR+,0.6220721186278461,19
2218,HER2+,0.9668730392414603,19
2212,HR+,0.5255940224206477,19
2212,HER2+,0.9800556168977221,19
743,HR+,0.6782920944950438,19
2019,HER2+,0.9356310356310356,20
740,TN,0.5893903318903319,20
2124,HR+,0.6213154206904206,20
740,HR+,0.6481986608592646,20
229,TN,0.5650270562770563,20
740,HER2+,0.9259573759573758,20
2124,TN,0.5697111222111223,20
2220,TN,0.5829707792207792,20
2220,HR+,0.5820873611682433,20
2124,HER2+,0.9308566515184162,20
229,HR+,0.6589735264735264,20
2220,HER2+,0.984659090909091,20
229,HER2+,0.9170647408147408,20
1171,TN,0.5849744699744701,20
678,HER2+,0.9262656583612465,20
2019,HR+,0.6553972416472414,20
1952,TN,0.5550345732698674,20
1952,HR+,0.6778632437823614,20
1952,HER2+,0.9079756354756355,20
2019,TN,0.6258774558774558,20
734,HER2+,0.8942174492174491,20
734,TN,0.6021626984126984,20
734,HR+,0.620546643758718,20
678,HR+,0.6465873307978571,20
678,TN,0.5879939504939504,20
1171,HER2+,0.8921314796314797,20
1171,HR+,0.5883204989454989,20
1910,TN,0.6052625806385205,21
731,HR+,0.601881157321228,21
2066,HER2+,0.9475284053015145,21
731,TN,0.6223854188139902,21
2159,HER2+,0.9718152218152218,21
1909,TN,0.6278413385556242,21
1909,HR+,0.6703867419866977,21
2159,HR+,0.5645631756976295,21
1910,HR+,0.6785221042573983,21
731,HER2+,0.8952864595721738,21
2066,HR+,0.6330346474254036,21
1910,HER2+,0.929039479039479,21
1909,HER2+,0.9387842316413746,21
1051,HER2+,0.9309954595668882,21
1051,HR+,0.6077422810616089,21
1051,TN,0.5951888719745863,21
1085,HER2+,0.9165408665408664,21
1085,HR+,0.5631648813371504,21
1085,TN,0.5954893651322223,21
2221,HER2+,0.9810606060606062,21
2066,TN,0.5961632283060853,21
2221,HR+,0.563729326229326,21
2159,TN,0.5694000444000443,21
2221,TN,0.5838950731807875,21
1040,HR+,0.565731579769013,22
1040,TN,0.6301187448914721,22
1040,HER2+,0.937515010242283,22
1096,TN,0.5742436856073219,22
187,HR+,0.620970373209678,22
1096,HER2+,0.9327479338842974,22
1096,HR+,0.6353645240677325,22
1095,HR+,0.6405818446259621,22
1095,HER2+,0.9225191920379086,22
187,HER2+,0.9278317716151943,22
1095,TN,0.5996493405584314,22
2139,TN,0.5201936951936952,22
187,TN,0.5847635949908677,22
2139,HER2+,0.9442409232181959,22
2139,HR+,0.5658415707880947,22
1892,HER2+,0.9329527959962741,23
1050,HER2+,0.9263986084957953,23
1892,HR+,0.6342577286311301,23
1908,TN,0.5970559633603113,23
1849,TN,0.6146279921451545,23
1892,TN,0.6305426457600369,23
1144,HER2+,0.9080934765717374,23
1144,HR+,0.6038220233872407,23
1908,HER2+,0.9374303232998886,23
1908,HR+,0.6587184235202137,23
1144,TN,0.6322630268282442,23
1050,TN,0.6363729869164652,23
1050,HR+,0.6031166900732117,23
1849,HR+,0.6623856322705427,23
1849,HER2+,0.960577345359954,23
1883,HER2+,0.9505657386092168,23
1883,HR+,0.6724783989809564,23
1183,HER2+,0.900174264496515,23
1183,HR+,0.5951491048324403,23
1883,TN,0.583809293935152,23
1183,TN,0.5913400609052782,23
11,HR+,0.696639702889703,24
11,HER2+,0.9250847532097533,24
1973,HER2+,0.9305245680245681,24
1973,HR+,0.6812181996924643,24
1973,TN,0.5447478073397192,24
1039,TN,0.6318525224775225,24
2022,TN,0.5595335220335221,24
2022,HR+,0.6465561059311059,24
267,HER2+,0.9043058861073567,24
11,TN,0.6037172318422318,24
2022,HER2+,0.9310654623154623,24
1039,HR+,0.6020747974792092,24
1039,HER2+,0.9255568505568504,24
267,HR+,0.65753367003367,24
267,TN,0.5708675583675583,24
1789,HR+,0.6466489621489622,25
1789,HER2+,0.9165695415695416,25
685,HER2+,0.9200296925296924,25
2196,TN,0.5365205905205905,25
2163,TN,0.5525182595182595,25
2196,HR+,0.5581777503542209,25
685,HR+,0.6485019363161778,25
685,TN,0.567009768009768,25
396,HER2+,0.9214433899433899,25
2163,HR+,0.5816808942691295,25
2163,HER2+,0.9496581196581197,25
1044,TN,0.6295139305139306,25
1044,HR+,0.5193519487048899,25
1044,HER2+,0.9031721056721057,25
2196,HER2+,0.9533377733377735,25
188,HER2+,0.9215742101036218,25
396,TN,0.6143331113331114,25
396,HR+,0.5965789210789211,25
2127,HER2+,0.934689206218618,25
2127,HR+,0.6323044733044733,25
2127,TN,0.5159290709290709,25
188,TN,0.559946275946276,25
684,TN,0.567009768009768,25
684,HER2+,0.9200296925296924,25
684,HR+,0.6485019363161778,25
1789,TN,0.6035019425019424,25
188,HR+,0.6644134688840572,25
735,TN,0.6092130092130092,26
735,HR+,0.6094961009657961,26
2160,TN,0.542021760290991,26
735,HER2+,0.9115493480878095,26
1169,TN,0.5558725462571616,26
1169,HR+,0.6210617907733292,26
1169,HER2+,0.8822609014916707,26
2160,HR+,0.5643792293679172,26
2160,HER2+,0.9419623111930805,26
1771,TN,0.6144585003390671,26
1771,HR+,0.6643080210387903,26
1771,HER2+,0.9300181655950888,26
2023,HER2+,0.9378692295358962,27
2024,HR+,0.6476210850393858,27
1907,HR+,0.6465376886042521,27
736,HER2+,0.9121797955131288,27
736,HR+,0.6116135293250876,27
736,TN,0.6162791940569717,27
2023,HR+,0.6731021036576593,27
2023,TN,0.5741252574585908,27
1048,HER2+,0.9218087981976871,27
1048,HR+,0.564520069013533,27
1907,TN,0.6081970498637165,27
2024,TN,0.5844899956011067,27
2024,HER2+,0.9266298516298518,27
1048,TN,0.6031691045579934,27
2216,TN,0.603619106689282,27
1906,HR+,0.6465376886042521,27
2216,HR+,0.6314472141269526,27
1906,HER2+,0.929724596391263,27
2216,HER2+,0.933864694975806,27
1906,TN,0.6081970498637165,27
1907,HER2+,0.929724596391263,27
1064,HR+,0.5510789283815599,28
1090,HER2+,0.9156994295387154,28
2152,TN,0.5375233893091036,28
1098,HER2+,0.9426334578120293,28
1098,TN,0.5710007254650111,28
1064,HER2+,0.9569222444222444,28
2152,HER2+,0.9541860916860917,28
2219,HR+,0.557407890312302,28
2219,TN,0.577651515151515,28
1090,TN,0.6373093672200814,28
2219,HER2+,0.9762716450216452,28
1064,TN,0.6126345380809667,28
1098,HR+,0.6234811931765714,28
1090,HR+,0.6460241643277358,28
2152,HR+,0.5810419272604147,28
2213,HER2+,0.9800509834992595,29
2213,HR+,0.5793445232513236,29
189,TN,0.5711595875388977,29
189,HR+,0.6477934731484428,29
189,HER2+,0.9144017915823189,29
2213,TN,0.5833390747183851,29
1020,HER2+,0.9177005402005403,30
1020,HR+,0.6420752096487391,30
17,HR+,0.6695844895844896,30
2072,HER2+,0.9301242330654096,30
1020,TN,0.6459128736760316,30
17,HER2+,0.9371862396862397,30
2072,HR+,0.6631700244200245,30
2069,TN,0.573512635025793,30
17,TN,0.6122234247234247,30
2072,TN,0.5782491022622602,30
2068,TN,0.5651372141503721,30
2068,HR+,0.6304886671063143,30
2069,HER2+,0.9279925684337449,30
2068,HER2+,0.9280883985295749,30
2069,HR+,0.6219050285226757,30
1911,TN,0.6140422301712624,31
1911,HR+,0.6666027283911536,31
1911,HER2+,0.9042550639324832,31
1100,TN,0.5746998521192069,31
1100,HR+,0.6219349752082199,31
1047,TN,0.6041522545554804,31
1186,HR+,0.604470003874528,31
1186,HER2+,0.8764320225420794,31
1047,HR+,0.5560859128221557,31
1047,HER2+,0.9230425936071097,31
1100,HER2+,0.9397225534322308,31
268,HR+,0.637494763301215,31
268,TN,0.5709599540244702,31
1186,TN,0.587519917358627,31
268,HER2+,0.9011160882128624,31
2161,HR+,0.5764204290399144,32
2161,TN,0.5520246246808747,32
1187,HR+,0.6103354544760795,32
1099,TN,0.5520065871628371,32
1187,TN,0.5898241515429016,32
1099,HR+,0.6065891675726234,32
1187,HER2+,0.9087815268881445,32
2161,HER2+,0.9504405316905318,32
1099,HER2+,0.9474004294316795,32
2075,HR+,0.6321714060350424,33
2075,TN,0.5776390608328407,33
1089,TN,0.6486020292838476,33
1089,HR+,0.6308157776072215,33
1089,HER2+,0.9091538511993057,33
2075,HER2+,0.9433909574283905,33
2080,HER2+,0.9337006477380808,33
2080,TN,0.5698641757852285,33
2080,HR+,0.6713379213379214,33
2763,HER2+,0.9299723968841616,34
1018,HR+,0.6010549547530517,34
1018,HER2+,0.9082524501642149,34
673,TN,0.5829489282343954,34
2215,TN,0.6074041971100794,34
2215,HR+,0.6352158774520367,34
2763,HR+,0.6468073833125737,34
2763,TN,0.6173817926139907,34
2215,HER2+,0.9330266955266955,34
1018,TN,0.621267204587638,34
673,HR+,0.6693164059376953,34
673,HER2+,0.949548082636318,34
2076,HER2+,0.9363969410608066,35
2026,HER2+,0.9191560820132249,35
1788,HER2+,0.9242294213722785,35
1788,HR+,0.6448568471677716,35
1788,TN,0.609410272267415,35
1145,TN,0.6227312370169513,35
1145,HR+,0.5960715641918648,35
1063,TN,0.6141416123558981,35
1145,HER2+,0.9179188272045417,35
2076,HR+,0.6499785135499423,35
2026,TN,0.5652104244961388,35
2026,HR+,0.6576546469403612,35
1063,HER2+,0.9390618112046684,35
1063,HR+,0.576019892805607,35
2076,TN,0.5656884698426051,35
1097,TN,0.5637465158298492,36
1097,HR+,0.5965496785349726,36
2079,HER2+,0.9378604465614269,36
2079,HR+,0.6593998979415647,36
1097,HER2+,0.9371072600239267,36
671,HR+,0.5792249973300027,36
671,TN,0.6307385515718849,36
2079,TN,0.5654240354350004,36
1057,HR+,0.5600693446894427,36
1057,HER2+,0.9263423690507023,36
671,HER2+,0.9239054042362866,36
1057,TN,0.6083015364265364,36
2077,TN,0.5724659270711903,37
2077,HER2+,0.9311724355842002,37
2162,HER2+,0.9384535134535134,37
2162,TN,0.5873132123132123,37
1956,HER2+,0.9381352131352132,37
1956,HR+,0.6069890033125327,37
1956,TN,0.6427104427104429,37
2077,HR+,0.6446225321225323,37
2162,HR+,0.5966021723374665,37
2078,HER2+,0.9358626796320292,38
1029,HER2+,0.9241323734744785,38
1058,TN,0.6261262494815126,38
675,HER2+,0.9216428201141823,38
2078,TN,0.5627809613439808,38
675,TN,0.6250781511230427,38
2078,HR+,0.6441941099835837,38
1058,HR+,0.571982893267723,38
1029,HR+,0.6008432485986667,38
1029,TN,0.5420165649216897,38
675,HR+,0.6390937325443193,38
1058,HER2+,0.9152561984798827,38
1068,TN,0.6437057600519139,39
1068,HR+,0.5825883959874195,39
1068,HER2+,0.936825282979129,39
1149,HER2+,0.9115614981423805,40
1149,HR+,0.6000029877458284,40
1149,TN,0.6182312132312132,40
2074,HER2+,0.9407128818893526,41
1033,HR+,0.6138763117959674,41
1604,HER2+,0.9242370812672104,41
1033,TN,0.6153667061080412,41
1604,HR+,0.671920352085345,41
1604,TN,0.5894917074795123,41
1033,HER2+,0.9314783455027358,41
1066,TN,0.6146106265008704,41
1066,HR+,0.575048534888639,41
2070,HER2+,0.9348487595618155,41
1189,TN,0.5704141387068216,41
1189,HR+,0.6074812828022069,41
1189,HER2+,0.9127675409239255,41
2070,HR+,0.6311670296067714,41
2070,TN,0.5849136902891716,41
2074,TN,0.5573154078128404,41
1066,HER2+,0.9381357802089509,41
2074,HR+,0.645379045074167,41
1035,HER2+,0.9308791737363165,42
1035,TN,0.6316535246986374,42
1035,HR+,0.6480217650385717,42
1034,HER2+,0.9375291414156961,42
1034,HR+,0.6298074396813892,42
1034,TN,0.6148478436072421,42
1774,HER2+,0.9111658843801701,42
1774,HR+,0.6917780321141666,42
1774,TN,0.5825589801208997,42
1038,HER2+,0.9409225364582509,42
1038,HR+,0.5894362350714628,42
1038,TN,0.6485283895998182,42
2071,HER2+,0.9310925853706601,44
2071,TN,0.5877620419187405,44
2071,HR+,0.6448660167075944,44
1188,HER2+,0.913643230407936,45
1188,HR+,0.6214547278582366,45
1188,TN,0.5712931512931512,45
1019,TN,0.6436507254928309,45
1019,HR+,0.6312221420554754,45
1019,HER2+,0.9240487907154572,45
2721,TN,0.5916592666592666,45
2721,HR+,0.6548071645130469,45
2721,HER2+,0.9210980413921591,45
269,HR+,0.6505180809528636,46
1772,TN,0.6117647084037244,46
1772,HR+,0.6531262837049282,46
1133,HR+,0.6082828832113729,46
1133,HER2+,0.916160766272659,46
1133,TN,0.6387813876944312,46
269,TN,0.6035660595443205,46
1772,HER2+,0.9190492478535957,46
269,HER2+,0.9065618418239901,46
621,HER2+,0.9151114252178082,47
621,HR+,0.6429394482585972,47
621,TN,0.6154996008719414,47
1138,HR+,0.6328409521615751,49
1059,HER2+,0.9164798636737412,49
1059,HR+,0.5744089543909472,49
231,HR+,0.6293767407062726,49
231,HER2+,0.9032837210808399,49
1138,HER2+,0.9187113823218265,49
1138,TN,0.6467636105391207,49
231,TN,0.5788917431774575,49
1059,TN,0.6355334291558782,49
1067,TN,0.6123307525807526,50
1067,HR+,0.5712127237227856,50
195,TN,0.6098060769639717,50
195,HR+,0.6363554680613503,50
195,HER2+,0.9209186956834016,50
1067,HER2+,0.9452170052170052,50
1134,TN,0.6240187916658505,51
1043,HR+,0.5710686116395459,51
1043,TN,0.6261317658376481,51
1065,TN,0.6048222202633968,51
1134,HR+,0.613717536721088,51
1043,HER2+,0.922853810613326,51
1134,HER2+,0.9091648003412709,51
1065,HR+,0.5707864849255306,51
1065,HER2+,0.9454041601100426,51
1135,HR+,0.6126753496596018,52
1135,TN,0.6204134007018622,52
1041,HR+,0.5691581671219681,52
1041,TN,0.6242814076948692,52
1041,HER2+,0.9261905326950577,52
1135,HER2+,0.9081643783566862,52
1147,TN,0.5997358511509455,53
1147,HR+,0.5979626802214278,53
1147,HER2+,0.9290359535642554,53
2103,TN,0.569944416513044,54
1080,HER2+,0.9188252591030368,54
1080,HR+,0.6406186194584887,54
1080,TN,0.6180116694005584,54
2103,HER2+,0.940910940910941,54
2103,HR+,0.6360443523433719,54
1094,HER2+,0.9123764040475271,55
1094,TN,0.5685195864741319,55
2153,HER2+,0.9350039606857788,55
2153,HR+,0.5951539725871278,55
2153,TN,0.5842138417138417,55
620,HR+,0.626842895666425,55
620,TN,0.5954299488390398,55
1094,HR+,0.6121863297130677,55
620,HER2+,0.928622236349509,55
1137,HER2+,0.9043701586112302,56
1092,TN,0.5883318318586176,56
1060,HER2+,0.9221109029276047,56
1060,HR+,0.5825442677070828,56
1060,TN,0.6251303507999937,56
1092,HER2+,0.9112005830887134,56
1092,HR+,0.6424904518917123,56
1137,TN,0.629948028162314,56
1137,HR+,0.6193374933858955,56
1023,HER2+,0.9296254456471175,57
1139,TN,0.64090913959335,57
1139,HR+,0.6286476053442812,57
1023,HR+,0.6300099396074628,57
1091,TN,0.58900784887627,57
1091,HR+,0.6385719844311176,57
1023,TN,0.6124733889276825,57
1091,HER2+,0.9052048613581122,57
1139,HER2+,0.9211403291124654,57
1136,TN,0.6168431185672565,58
1036,HR+,0.6365610163237472,58
1036,TN,0.6161175459950413,58
1136,HR+,0.6137587426066928,58
1136,HER2+,0.9128644583385963,58
1036,HER2+,0.9196149185500097,58
1101,HER2+,0.9181791372469338,59
1101,HR+,0.6097505850746129,59
1101,TN,0.5908059454669624,59
2108,TN,0.5942631905131905,60
2158,HR+,0.6034438110908699,60
2158,HER2+,0.9403403309653309,60
2108,HER2+,0.9213026053467229,60
1093,HER2+,0.9156307513292806,60
2108,HR+,0.591643490167097,60
2158,TN,0.5768953962703962,60
1093,TN,0.5745863627113627,60
1093,HR+,0.6252509813171578,60
194,HER2+,0.9292805126942059,61
194,HR+,0.6211159434158469,61
194,TN,0.6474699660420109,61
1148,TN,0.6260787151916184,62
1148,HR+,0.6221695435904462,62
1148,HER2+,0.915784621240029,62
2107,HR+,0.6164243241974334,63
2107,TN,0.5850326481278861,63
257,TN,0.5904092380282857,63
257,HR+,0.6587579960350118,63
2107,HER2+,0.9234371474567552,63
257,HER2+,0.9104082762346066,63
1140,HER2+,0.9123675292442798,63
1140,HR+,0.6310915147694595,63
1140,TN,0.6478108751918277,63
1024,HR+,0.6331736303932995,64
1024,TN,0.6079097072518125,64
1024,HER2+,0.9317118670749186,64
2156,TN,0.5860448362401488,64
2156,HER2+,0.9383335197788323,64
2156,HR+,0.6014894916664218,64
1042,TN,0.6225892697046543,65
1042,HR+,0.570588195113082,65
1042,HER2+,0.9311760273411858,65
2155,TN,0.5888007721962946,67
2155,HR+,0.6094301440438402,67
2155,HER2+,0.9417655934446979,67
1190,TN,0.590982165982166,69
1190,HR+,0.6178532008017805,69
1190,HER2+,0.9048979745271304,69
1030,HER2+,0.917732884529103,70
1030,TN,0.5996668963868211,70
1030,HR+,0.611269437845068,70
1028,HER2+,0.928660809052966,72
1028,HR+,0.6104979681266447,72
1028,TN,0.59177025024387,72
2157,HR+,0.6098765511449336,72
2157,HER2+,0.9429744059952393,72
2157,TN,0.5828269531394531,72
674,TN,0.6344132285308756,74
674,HR+,0.607497033561275,74
674,HER2+,0.9343478913331854,74
1031,HR+,0.6132839859826109,77
1031,HER2+,0.9267671022636645,77
1031,TN,0.6003400421633505,77
1146,HER2+,0.9320812664968511,77
1146,HR+,0.5986671587808454,77
1146,TN,0.6221603432642394,77
672,HER2+,0.9421891320929782,78
672,HR+,0.6515929983065016,78
672,TN,0.5917096499110074,78
1061,TN,0.6207866149321845,79
1061,HR+,0.5831418075182035,79
1061,HER2+,0.9254042567426781,79
2771,TN,0.5998059468890161,83
2770,TN,0.6068878877058966,83
2770,HR+,0.6108916341552771,83
2770,HER2+,0.9223393928301795,83
2771,HER2+,0.9253439184250666,83
2771,HR+,0.6101147533465039,83
2760,HER2+,0.9263726537623598,84
2760,HR+,0.6163845442994603,84
2760,TN,0.622520432435846,84
1143,TN,0.6285008129125776,85
1143,HR+,0.6130711467148364,85
1143,HER2+,0.9242270119346244,85
1062,HER2+,0.9231911679671597,86
1062,TN,0.6067365935098493,86
1062,HR+,0.5995255115381654,86
1006,HER2+,0.9207972442252361,87
1006,HR+,0.6137404591738956,87
1006,TN,0.6224768526492664,87
1142,HR+,0.6131474975263023,89
1142,HER2+,0.9227101210825599,89
1142,TN,0.6203392425302537,89
486,TN,0.6035526254800402,91
486,HR+,0.6554829767661055,91
486,HER2+,0.9250083572966573,91
1032,HR+,0.6126980463207243,100
1032,HER2+,0.9313705200028728,100
1032,TN,0.5932030579070053,100
1243,HER2+,0.9258176108496436,101
1243,HR+,0.6166280283490534,101
1243,TN,0.5996366257504872,101
1021,TN,0.6165814469979007,103
1021,HER2+,0.9246178729259825,103
1021,HR+,0.619019027485618,103
1007,HR+,0.6114961836331102,110
1007,TN,0.6134404736677463,110
1007,HER2+,0.9204912022024321,110
2106,HR+,0.6188940654273879,114
2106,TN,0.5781544765290897,114
2106,HER2+,0.9308900736919313,114
1141,HER2+,0.9224749312920668,115
1141,HR+,0.6120969650815526,115
1141,TN,0.6267025969199881,115
1026,HER2+,0.9290433179956757,121
999,HER2+,0.9289601468320478,121
999,HR+,0.6027381273952673,121
999,TN,0.596027277966996,121
1026,TN,0.5847679540663062,121
1026,HR+,0.610477182236323,121
1013,TN,0.6142387942419776,124
1013,HR+,0.6026007900795676,124
1013,HER2+,0.9203218040919654,124
985,TN,0.59612065307258,127
985,HER2+,0.9277252493787926,127
985,HR+,0.631229541905781,127
1016,HR+,0.6060185707489427,128
1016,HER2+,0.926844608490978,128
1016,TN,0.6187377053228205,128
1014,HER2+,0.916412038815885,130
1014,HR+,0.6092279713948563,130
1014,TN,0.6156073071103435,130
2067,TN,0.5865213598206414,131
2067,HR+,0.6212137874401835,131
2067,HER2+,0.9303523884686885,131
226,HER2+,0.9272228208353039,131
226,TN,0.5753367899008719,131
226,HR+,0.6417789066194993,131
1079,HER2+,0.9244601791059011,132
1079,TN,0.5939243394386935,132
1079,HR+,0.6392675444480258,132
1015,HER2+,0.9243733409202228,133
1015,TN,0.6171137320227149,133
1015,HR+,0.6163676356194221,133
1017,HR+,0.6055834795258805,134
1017,TN,0.6145997223078921,134
1017,HER2+,0.9275195898385099,134
1012,HER2+,0.9193179569159962,135
1012,HR+,0.6075648519198572,135
1012,TN,0.6146852200214773,135
192,HER2+,0.929825424959508,136
192,HR+,0.6615892931799073,136
192,TN,0.58946312867559,136
2030,HER2+,0.9283951867867951,143
2030,HR+,0.6378018754407071,143
2030,TN,0.6093591993619597,143
1027,TN,0.5814291335826101,144
1027,HR+,0.603244742903057,144
1027,HER2+,0.923260719967215,144
1008,HR+,0.6132946873832429,145
1008,HER2+,0.925165037239074,145
1008,TN,0.6146294489942403,145
1002,TN,0.6066105901558,146
1002,HR+,0.6193148989259937,146
1002,HER2+,0.9317909544793106,146
230,HER2+,0.9182734263616618,148
230,TN,0.5939680326193484,148
230,HR+,0.6206633092662505,148
1025,TN,0.6038158035533076,152
1025,HER2+,0.9285446928587409,152
1025,HR+,0.6247121409688116,152
1022,HR+,0.6076801535238069,160
1022,HER2+,0.9228692584988542,160
1022,TN,0.6087715075065114,160
2742,HER2+,0.9276014138101656,164
2742,HR+,0.621324477733288,164
2742,TN,0.6122704428826059,164
1003,TN,0.6047198821007241,167
1003,HR+,0.6146711916286545,167
1003,HER2+,0.9307617126523432,167
2021,TN,0.6153273130542497,178
2021,HR+,0.6315793555053305,178
2021,HER2+,0.9299946317543807,178
2104,HER2+,0.9333083939882397,183
2104,HR+,0.612276303481323,183
2104,TN,0.5799241996083847,183
1005,TN,0.5982942313534418,184
1005,HR+,0.6119498036148577,184
1005,HER2+,0.9197374569697141,184
1773,TN,0.604558189289913,186
1773,HR+,0.6302523044458528,186
1773,HER2+,0.9244639808325766,186
2105,HR+,0.6090751488091196,186
2105,TN,0.5816885873456082,186
2105,HER2+,0.9348728236062203,186
1000,HR+,0.6048645855624634,193
1000,TN,0.595255407678209,193
1000,HER2+,0.9265284594338237,193
1001,HR+,0.605451775417984,205
1001,TN,0.594526646405186,205
1001,HER2+,0.9288086244219673,205
1004,TN,0.5968592802795663,212
1004,HR+,0.6140905653238441,212
1004,HER2+,0.9275500777893951,212
2154,TN,0.5892168191881689,248
2154,HER2+,0.9268563343545556,248
2154,HR+,0.6108902843518156,248
2184,HER2+,0.9337051979558982,315
2184,HR+,0.6109977681144568,315
2184,TN,0.5841731995624079,315
